inventory_id,merchant_id,ingredient_name,stock_quantity,unit,cost_per_unit,last_updated
1,M001,Milk,46,liter,55,2025-10-09 06:00:00
2,M001,Paneer,16,kg,260,2025-10-09 06:00:00
3,M001,Tomato,27,kg,45,2025-10-09 06:00:00
4,M001,Chicken,9,kg,220,2025-10-09 06:00:00
5,M001,Onion,3,kg,30,2025-10-09 06:00:00
6,M001,Rice,2,kg,89,2025-10-09 06:00:00
7,M002,Milk,59,liter,55,2025-10-09 06:00:00
8,M002,Cheese,8,kg,350,2025-10-09 06:00:00
9,M002,Tomato,58,kg,45,2025-10-09 06:00:00
10,M002,Oil,36,liter,115,2025-10-09 06:00:00
11,M002,Onion,2,kg,30,2025-10-09 06:00:00
12,M003,Flour,50,kg,35,2025-10-09 06:00:00
13,M003,Onion,48,kg,30,2025-10-09 06:00:00
14,M003,Paneer,28,kg,260,2025-10-09 06:00:00
15,M003,Rice,103,kg,89,2025-10-09 06:00:00
16,M003,Chicken,4,kg,220,2025-10-09 06:00:00
17,M003,Cheese,6,kg,350,2025-10-09 06:00:00
18,M003,Tomato,54,kg,45,2025-10-09 06:00:00
19,M004,Onion,7,kg,30,2025-10-09 06:00:00
20,M004,Milk,48,liter,55,2025-10-09 06:00:00
21,M004,Oil,37,liter,115,2025-10-09 06:00:00
22,M004,Paneer,37,kg,260,2025-10-09 06:00:00
23,M004,Chicken,77,kg,220,2025-10-09 06:00:00
24,M004,Rice,150,kg,89,2025-10-09 06:00:00
25,M004,Cheese,10,kg,350,2025-10-09 06:00:00
26,M004,Flour,4,kg,35,2025-10-09 06:00:00
27,M004,Tomato,17,kg,45,2025-10-09 06:00:00
28,M005,Oil,30,liter,115,2025-10-09 06:00:00
29,M005,Tomato,52,kg,45,2025-10-09 06:00:00
30,M005,Paneer,34,kg,260,2025-10-09 06:00:00
31,M005,Cheese,17,kg,350,2025-10-09 06:00:00
32,M005,Chicken,60,kg,220,2025-10-09 06:00:00
33,M006,Cheese,14,kg,350,2025-10-09 06:00:00
34,M006,Paneer,37,kg,260,2025-10-09 06:00:00
35,M006,Rice,116,kg,89,2025-10-09 06:00:00
36,M006,Flour,30,kg,35,2025-10-09 06:00:00
37,M006,Onion,31,kg,30,2025-10-09 06:00:00
38,M006,Oil,30,liter,115,2025-10-09 06:00:00
39,M007,Milk,33,liter,55,2025-10-09 06:00:00
40,M007,Oil,3,liter,115,2025-10-09 06:00:00
41,M007,Flour,78,kg,35,2025-10-09 06:00:00
42,M007,Rice,172,kg,89,2025-10-09 06:00:00
43,M007,Onion,24,kg,30,2025-10-09 06:00:00
44,M008,Flour,95,kg,35,2025-10-09 06:00:00
45,M008,Chicken,65,kg,220,2025-10-09 06:00:00
46,M008,Rice,87,kg,89,2025-10-09 06:00:00
47,M008,Oil,20,liter,115,2025-10-09 06:00:00
48,M008,Tomato,20,kg,45,2025-10-09 06:00:00
49,M008,Milk,43,liter,55,2025-10-09 06:00:00
50,M008,Paneer,29,kg,260,2025-10-09 06:00:00
51,M009,Cheese,20,kg,350,2025-10-09 06:00:00
52,M009,Paneer,20,kg,260,2025-10-09 06:00:00
53,M009,Tomato,31,kg,45,2025-10-09 06:00:00
54,M009,Rice,163,kg,89,2025-10-09 06:00:00
55,M009,Oil,5,liter,115,2025-10-09 06:00:00
56,M009,Chicken,27,kg,220,2025-10-09 06:00:00
57,M010,Flour,42,kg,35,2025-10-09 06:00:00
58,M010,Tomato,59,kg,45,2025-10-09 06:00:00
59,M010,Chicken,5,kg,220,2025-10-09 06:00:00
60,M010,Oil,2,liter,115,2025-10-09 06:00:00
61,M010,Onion,53,kg,30,2025-10-09 06:00:00
62,M010,Cheese,11,kg,350,2025-10-09 06:00:00
63,M010,Milk,3,liter,55,2025-10-09 06:00:00
64,M010,Rice,129,kg,89,2025-10-09 06:00:00
65,M010,Paneer,40,kg,260,2025-10-09 06:00:00
66,M011,Milk,4,liter,55,2025-10-09 06:00:00
67,M011,Flour,88,kg,35,2025-10-09 06:00:00
68,M011,Onion,7,kg,30,2025-10-09 06:00:00
69,M011,Chicken,30,kg,220,2025-10-09 06:00:00
70,M011,Tomato,57,kg,45,2025-10-09 06:00:00
71,M012,Chicken,6,kg,220,2025-10-09 06:00:00
72,M012,Flour,87,kg,35,2025-10-09 06:00:00
73,M012,Rice,50,kg,89,2025-10-09 06:00:00
74,M012,Tomato,32,kg,45,2025-10-09 06:00:00
75,M012,Oil,40,liter,115,2025-10-09 06:00:00
76,M012,Paneer,33,kg,260,2025-10-09 06:00:00
77,M013,Chicken,75,kg,220,2025-10-09 06:00:00
78,M013,Tomato,33,kg,45,2025-10-09 06:00:00
79,M013,Cheese,20,kg,350,2025-10-09 06:00:00
80,M013,Flour,55,kg,35,2025-10-09 06:00:00
81,M013,Paneer,32,kg,260,2025-10-09 06:00:00
82,M013,Rice,182,kg,89,2025-10-09 06:00:00
83,M013,Onion,54,kg,30,2025-10-09 06:00:00
84,M013,Oil,19,liter,115,2025-10-09 06:00:00
85,M013,Milk,60,liter,55,2025-10-09 06:00:00
86,M014,Rice,120,kg,89,2025-10-09 06:00:00
87,M014,Tomato,43,kg,45,2025-10-09 06:00:00
88,M014,Oil,28,liter,115,2025-10-09 06:00:00
89,M014,Onion,38,kg,30,2025-10-09 06:00:00
90,M014,Cheese,28,kg,350,2025-10-09 06:00:00
91,M014,Paneer,15,kg,260,2025-10-09 06:00:00
92,M014,Milk,3,liter,55,2025-10-09 06:00:00
93,M015,Flour,75,kg,35,2025-10-09 06:00:00
94,M015,Paneer,30,kg,260,2025-10-09 06:00:00
95,M015,Milk,7,liter,55,2025-10-09 06:00:00
96,M015,Oil,32,liter,115,2025-10-09 06:00:00
97,M015,Rice,94,kg,89,2025-10-09 06:00:00
98,M015,Tomato,27,kg,45,2025-10-09 06:00:00
99,M015,Onion,46,kg,30,2025-10-09 06:00:00
100,M015,Cheese,16,kg,350,2025-10-09 06:00:00
101,M016,Chicken,62,kg,220,2025-10-09 06:00:00
102,M016,Oil,36,liter,115,2025-10-09 06:00:00
103,M016,Milk,7,liter,55,2025-10-09 06:00:00
104,M016,Cheese,10,kg,350,2025-10-09 06:00:00
105,M016,Flour,2,kg,35,2025-10-09 06:00:00
106,M016,Rice,102,kg,89,2025-10-09 06:00:00
107,M016,Onion,36,kg,30,2025-10-09 06:00:00
108,M016,Tomato,2,kg,45,2025-10-09 06:00:00
109,M016,Paneer,38,kg,260,2025-10-09 06:00:00
110,M017,Cheese,8,kg,350,2025-10-09 06:00:00
111,M017,Paneer,39,kg,260,2025-10-09 06:00:00
112,M017,Chicken,6,kg,220,2025-10-09 06:00:00
113,M017,Oil,41,liter,115,2025-10-09 06:00:00
114,M017,Flour,79,kg,35,2025-10-09 06:00:00
115,M017,Onion,30,kg,30,2025-10-09 06:00:00
116,M018,Flour,41,kg,35,2025-10-09 06:00:00
117,M018,Tomato,21,kg,45,2025-10-09 06:00:00
118,M018,Paneer,24,kg,260,2025-10-09 06:00:00
119,M018,Chicken,26,kg,220,2025-10-09 06:00:00
120,M018,Rice,168,kg,89,2025-10-09 06:00:00
121,M018,Oil,30,liter,115,2025-10-09 06:00:00
122,M018,Milk,51,liter,55,2025-10-09 06:00:00
123,M018,Cheese,24,kg,350,2025-10-09 06:00:00
124,M019,Tomato,33,kg,45,2025-10-09 06:00:00
125,M019,Cheese,25,kg,350,2025-10-09 06:00:00
126,M019,Oil,7,liter,115,2025-10-09 06:00:00
127,M019,Chicken,39,kg,220,2025-10-09 06:00:00
128,M019,Milk,27,liter,55,2025-10-09 06:00:00
129,M019,Paneer,33,kg,260,2025-10-09 06:00:00
130,M019,Flour,26,kg,35,2025-10-09 06:00:00
131,M019,Rice,170,kg,89,2025-10-09 06:00:00
132,M019,Onion,66,kg,30,2025-10-09 06:00:00
133,M020,Tomato,21,kg,45,2025-10-09 06:00:00
134,M020,Rice,5,kg,89,2025-10-09 06:00:00
135,M020,Flour,26,kg,35,2025-10-09 06:00:00
136,M020,Milk,25,liter,55,2025-10-09 06:00:00
137,M020,Oil,8,liter,115,2025-10-09 06:00:00
138,M021,Chicken,3,kg,220,2025-10-09 06:00:00
139,M021,Tomato,25,kg,45,2025-10-09 06:00:00
140,M021,Flour,67,kg,35,2025-10-09 06:00:00
141,M021,Milk,45,liter,55,2025-10-09 06:00:00
142,M021,Cheese,20,kg,350,2025-10-09 06:00:00
143,M021,Paneer,22,kg,260,2025-10-09 06:00:00
144,M021,Oil,36,liter,115,2025-10-09 06:00:00
145,M021,Rice,151,kg,89,2025-10-09 06:00:00
146,M021,Onion,38,kg,30,2025-10-09 06:00:00
147,M022,Paneer,33,kg,260,2025-10-09 06:00:00
148,M022,Tomato,24,kg,45,2025-10-09 06:00:00
149,M022,Rice,99,kg,89,2025-10-09 06:00:00
150,M022,Milk,31,liter,55,2025-10-09 06:00:00
151,M022,Oil,30,liter,115,2025-10-09 06:00:00
152,M023,Tomato,30,kg,45,2025-10-09 06:00:00
153,M023,Paneer,40,kg,260,2025-10-09 06:00:00
154,M023,Flour,53,kg,35,2025-10-09 06:00:00
155,M023,Chicken,6,kg,220,2025-10-09 06:00:00
156,M023,Milk,28,liter,55,2025-10-09 06:00:00
157,M023,Cheese,19,kg,350,2025-10-09 06:00:00
158,M023,Oil,8,liter,115,2025-10-09 06:00:00
159,M024,Rice,121,kg,89,2025-10-09 06:00:00
160,M024,Flour,45,kg,35,2025-10-09 06:00:00
161,M024,Onion,34,kg,30,2025-10-09 06:00:00
162,M024,Tomato,29,kg,45,2025-10-09 06:00:00
163,M024,Paneer,27,kg,260,2025-10-09 06:00:00
164,M025,Oil,16,liter,115,2025-10-09 06:00:00
165,M025,Onion,54,kg,30,2025-10-09 06:00:00
166,M025,Tomato,16,kg,45,2025-10-09 06:00:00
167,M025,Cheese,29,kg,350,2025-10-09 06:00:00
168,M025,Flour,79,kg,35,2025-10-09 06:00:00
169,M025,Chicken,54,kg,220,2025-10-09 06:00:00
170,M025,Rice,191,kg,89,2025-10-09 06:00:00
171,M025,Milk,34,liter,55,2025-10-09 06:00:00
172,M026,Paneer,7,kg,260,2025-10-09 06:00:00
173,M026,Oil,3,liter,115,2025-10-09 06:00:00
174,M026,Cheese,26,kg,350,2025-10-09 06:00:00
175,M026,Milk,3,liter,55,2025-10-09 06:00:00
176,M026,Flour,55,kg,35,2025-10-09 06:00:00
177,M026,Onion,53,kg,30,2025-10-09 06:00:00
178,M026,Chicken,58,kg,220,2025-10-09 06:00:00
179,M026,Rice,100,kg,89,2025-10-09 06:00:00
180,M026,Tomato,55,kg,45,2025-10-09 06:00:00
181,M027,Cheese,17,kg,350,2025-10-09 06:00:00
182,M027,Tomato,26,kg,45,2025-10-09 06:00:00
183,M027,Paneer,17,kg,260,2025-10-09 06:00:00
184,M027,Rice,189,kg,89,2025-10-09 06:00:00
185,M027,Chicken,80,kg,220,2025-10-09 06:00:00
186,M027,Flour,51,kg,35,2025-10-09 06:00:00
187,M027,Onion,50,kg,30,2025-10-09 06:00:00
188,M027,Milk,51,liter,55,2025-10-09 06:00:00
189,M027,Oil,21,liter,115,2025-10-09 06:00:00
190,M028,Flour,68,kg,35,2025-10-09 06:00:00
191,M028,Tomato,3,kg,45,2025-10-09 06:00:00
192,M028,Onion,50,kg,30,2025-10-09 06:00:00
193,M028,Cheese,16,kg,350,2025-10-09 06:00:00
194,M028,Paneer,15,kg,260,2025-10-09 06:00:00
195,M028,Oil,42,liter,115,2025-10-09 06:00:00
196,M028,Milk,29,liter,55,2025-10-09 06:00:00
197,M028,Rice,6,kg,89,2025-10-09 06:00:00
198,M028,Chicken,75,kg,220,2025-10-09 06:00:00
199,M029,Paneer,27,kg,260,2025-10-09 06:00:00
200,M029,Oil,29,liter,115,2025-10-09 06:00:00
201,M029,Tomato,9,kg,45,2025-10-09 06:00:00
202,M029,Chicken,5,kg,220,2025-10-09 06:00:00
203,M029,Cheese,2,kg,350,2025-10-09 06:00:00
204,M029,Milk,38,liter,55,2025-10-09 06:00:00
205,M029,Rice,118,kg,89,2025-10-09 06:00:00
206,M029,Flour,71,kg,35,2025-10-09 06:00:00
207,M030,Milk,38,liter,55,2025-10-09 06:00:00
208,M030,Chicken,31,kg,220,2025-10-09 06:00:00
209,M030,Oil,29,liter,115,2025-10-09 06:00:00
210,M030,Tomato,18,kg,45,2025-10-09 06:00:00
211,M030,Flour,8,kg,35,2025-10-09 06:00:00
212,M031,Onion,47,kg,30,2025-10-09 06:00:00
213,M031,Chicken,48,kg,220,2025-10-09 06:00:00
214,M031,Tomato,43,kg,45,2025-10-09 06:00:00
215,M031,Milk,48,liter,55,2025-10-09 06:00:00
216,M031,Rice,176,kg,89,2025-10-09 06:00:00
217,M031,Flour,39,kg,35,2025-10-09 06:00:00
218,M031,Cheese,4,kg,350,2025-10-09 06:00:00
219,M031,Paneer,4,kg,260,2025-10-09 06:00:00
220,M031,Oil,3,liter,115,2025-10-09 06:00:00
221,M032,Paneer,29,kg,260,2025-10-09 06:00:00
222,M032,Chicken,42,kg,220,2025-10-09 06:00:00
223,M032,Oil,9,liter,115,2025-10-09 06:00:00
224,M032,Cheese,18,kg,350,2025-10-09 06:00:00
225,M032,Tomato,15,kg,45,2025-10-09 06:00:00
226,M033,Tomato,15,kg,45,2025-10-09 06:00:00
227,M033,Milk,37,liter,55,2025-10-09 06:00:00
228,M033,Oil,2,liter,115,2025-10-09 06:00:00
229,M033,Cheese,21,kg,350,2025-10-09 06:00:00
230,M033,Onion,49,kg,30,2025-10-09 06:00:00
231,M033,Flour,42,kg,35,2025-10-09 06:00:00
232,M033,Chicken,54,kg,220,2025-10-09 06:00:00
233,M033,Paneer,9,kg,260,2025-10-09 06:00:00
234,M034,Flour,65,kg,35,2025-10-09 06:00:00
235,M034,Cheese,19,kg,350,2025-10-09 06:00:00
236,M034,Onion,3,kg,30,2025-10-09 06:00:00
237,M034,Oil,31,liter,115,2025-10-09 06:00:00
238,M034,Paneer,8,kg,260,2025-10-09 06:00:00
239,M034,Tomato,17,kg,45,2025-10-09 06:00:00
240,M034,Chicken,36,kg,220,2025-10-09 06:00:00
241,M034,Rice,2,kg,89,2025-10-09 06:00:00
242,M035,Rice,65,kg,89,2025-10-09 06:00:00
243,M035,Onion,5,kg,30,2025-10-09 06:00:00
244,M035,Chicken,28,kg,220,2025-10-09 06:00:00
245,M035,Flour,61,kg,35,2025-10-09 06:00:00
246,M035,Cheese,15,kg,350,2025-10-09 06:00:00
247,M036,Milk,5,liter,55,2025-10-09 06:00:00
248,M036,Flour,31,kg,35,2025-10-09 06:00:00
249,M036,Chicken,2,kg,220,2025-10-09 06:00:00
250,M036,Rice,5,kg,89,2025-10-09 06:00:00
251,M036,Cheese,17,kg,350,2025-10-09 06:00:00
252,M036,Tomato,23,kg,45,2025-10-09 06:00:00
253,M036,Onion,62,kg,30,2025-10-09 06:00:00
254,M037,Flour,56,kg,35,2025-10-09 06:00:00
255,M037,Onion,48,kg,30,2025-10-09 06:00:00
256,M037,Paneer,18,kg,260,2025-10-09 06:00:00
257,M037,Tomato,25,kg,45,2025-10-09 06:00:00
258,M037,Chicken,49,kg,220,2025-10-09 06:00:00
259,M038,Tomato,16,kg,45,2025-10-09 06:00:00
260,M038,Chicken,41,kg,220,2025-10-09 06:00:00
261,M038,Onion,8,kg,30,2025-10-09 06:00:00
262,M038,Oil,7,liter,115,2025-10-09 06:00:00
263,M038,Rice,8,kg,89,2025-10-09 06:00:00
264,M038,Milk,41,liter,55,2025-10-09 06:00:00
265,M038,Paneer,27,kg,260,2025-10-09 06:00:00
266,M039,Tomato,22,kg,45,2025-10-09 06:00:00
267,M039,Flour,100,kg,35,2025-10-09 06:00:00
268,M039,Chicken,36,kg,220,2025-10-09 06:00:00
269,M039,Cheese,24,kg,350,2025-10-09 06:00:00
270,M039,Rice,132,kg,89,2025-10-09 06:00:00
271,M039,Paneer,30,kg,260,2025-10-09 06:00:00
272,M039,Milk,2,liter,55,2025-10-09 06:00:00
273,M039,Onion,4,kg,30,2025-10-09 06:00:00
274,M039,Oil,44,liter,115,2025-10-09 06:00:00
275,M040,Cheese,28,kg,350,2025-10-09 06:00:00
276,M040,Chicken,48,kg,220,2025-10-09 06:00:00
277,M040,Onion,33,kg,30,2025-10-09 06:00:00
278,M040,Oil,36,liter,115,2025-10-09 06:00:00
279,M040,Tomato,5,kg,45,2025-10-09 06:00:00
280,M040,Rice,157,kg,89,2025-10-09 06:00:00
281,M041,Flour,92,kg,35,2025-10-09 06:00:00
282,M041,Tomato,47,kg,45,2025-10-09 06:00:00
283,M041,Onion,54,kg,30,2025-10-09 06:00:00
284,M041,Oil,28,liter,115,2025-10-09 06:00:00
285,M041,Rice,8,kg,89,2025-10-09 06:00:00
286,M041,Cheese,2,kg,350,2025-10-09 06:00:00
287,M042,Oil,21,liter,115,2025-10-09 06:00:00
288,M042,Milk,37,liter,55,2025-10-09 06:00:00
289,M042,Flour,90,kg,35,2025-10-09 06:00:00
290,M042,Chicken,62,kg,220,2025-10-09 06:00:00
291,M042,Paneer,31,kg,260,2025-10-09 06:00:00
292,M042,Rice,63,kg,89,2025-10-09 06:00:00
293,M043,Flour,2,kg,35,2025-10-09 06:00:00
294,M043,Onion,31,kg,30,2025-10-09 06:00:00
295,M043,Cheese,15,kg,350,2025-10-09 06:00:00
296,M043,Paneer,24,kg,260,2025-10-09 06:00:00
297,M043,Chicken,58,kg,220,2025-10-09 06:00:00
298,M043,Tomato,19,kg,45,2025-10-09 06:00:00
299,M043,Milk,52,liter,55,2025-10-09 06:00:00
300,M043,Oil,8,liter,115,2025-10-09 06:00:00
301,M043,Rice,57,kg,89,2025-10-09 06:00:00
302,M044,Flour,50,kg,35,2025-10-09 06:00:00
303,M044,Oil,31,liter,115,2025-10-09 06:00:00
304,M044,Paneer,23,kg,260,2025-10-09 06:00:00
305,M044,Tomato,58,kg,45,2025-10-09 06:00:00
306,M044,Chicken,25,kg,220,2025-10-09 06:00:00
307,M044,Milk,32,liter,55,2025-10-09 06:00:00
308,M045,Flour,49,kg,35,2025-10-09 06:00:00
309,M045,Cheese,6,kg,350,2025-10-09 06:00:00
310,M045,Chicken,44,kg,220,2025-10-09 06:00:00
311,M045,Tomato,52,kg,45,2025-10-09 06:00:00
312,M045,Paneer,39,kg,260,2025-10-09 06:00:00
313,M045,Rice,6,kg,89,2025-10-09 06:00:00
314,M045,Milk,32,liter,55,2025-10-09 06:00:00
315,M046,Flour,9,kg,35,2025-10-09 06:00:00
316,M046,Tomato,15,kg,45,2025-10-09 06:00:00
317,M046,Chicken,72,kg,220,2025-10-09 06:00:00
318,M046,Rice,160,kg,89,2025-10-09 06:00:00
319,M046,Milk,36,liter,55,2025-10-09 06:00:00
320,M046,Cheese,28,kg,350,2025-10-09 06:00:00
321,M046,Onion,51,kg,30,2025-10-09 06:00:00
322,M046,Oil,44,liter,115,2025-10-09 06:00:00
323,M047,Paneer,36,kg,260,2025-10-09 06:00:00
324,M047,Flour,44,kg,35,2025-10-09 06:00:00
325,M047,Milk,3,liter,55,2025-10-09 06:00:00
326,M047,Chicken,68,kg,220,2025-10-09 06:00:00
327,M047,Tomato,35,kg,45,2025-10-09 06:00:00
328,M047,Oil,25,liter,115,2025-10-09 06:00:00
329,M047,Onion,69,kg,30,2025-10-09 06:00:00
330,M048,Rice,83,kg,89,2025-10-09 06:00:00
331,M048,Milk,42,liter,55,2025-10-09 06:00:00
332,M048,Tomato,2,kg,45,2025-10-09 06:00:00
333,M048,Cheese,30,kg,350,2025-10-09 06:00:00
334,M048,Onion,47,kg,30,2025-10-09 06:00:00
335,M048,Flour,48,kg,35,2025-10-09 06:00:00
336,M049,Paneer,7,kg,260,2025-10-09 06:00:00
337,M049,Tomato,55,kg,45,2025-10-09 06:00:00
338,M049,Milk,51,liter,55,2025-10-09 06:00:00
339,M049,Oil,22,liter,115,2025-10-09 06:00:00
340,M049,Chicken,56,kg,220,2025-10-09 06:00:00
341,M049,Cheese,19,kg,350,2025-10-09 06:00:00
342,M049,Onion,28,kg,30,2025-10-09 06:00:00
343,M049,Flour,72,kg,35,2025-10-09 06:00:00
344,M049,Rice,139,kg,89,2025-10-09 06:00:00
345,M050,Tomato,21,kg,45,2025-10-09 06:00:00
346,M050,Milk,51,liter,55,2025-10-09 06:00:00
347,M050,Flour,68,kg,35,2025-10-09 06:00:00
348,M050,Cheese,21,kg,350,2025-10-09 06:00:00
349,M050,Rice,97,kg,89,2025-10-09 06:00:00
350,M050,Paneer,24,kg,260,2025-10-09 06:00:00
351,M051,Rice,165,kg,89,2025-10-09 06:00:00
352,M051,Milk,4,liter,55,2025-10-09 06:00:00
353,M051,Onion,55,kg,30,2025-10-09 06:00:00
354,M051,Flour,5,kg,35,2025-10-09 06:00:00
355,M051,Paneer,33,kg,260,2025-10-09 06:00:00
356,M051,Cheese,15,kg,350,2025-10-09 06:00:00
357,M051,Chicken,49,kg,220,2025-10-09 06:00:00
358,M051,Tomato,47,kg,45,2025-10-09 06:00:00
359,M051,Oil,39,liter,115,2025-10-09 06:00:00
360,M052,Milk,56,liter,55,2025-10-09 06:00:00
361,M052,Flour,78,kg,35,2025-10-09 06:00:00
362,M052,Rice,113,kg,89,2025-10-09 06:00:00
363,M052,Cheese,30,kg,350,2025-10-09 06:00:00
364,M052,Tomato,8,kg,45,2025-10-09 06:00:00
365,M052,Chicken,58,kg,220,2025-10-09 06:00:00
366,M053,Rice,3,kg,89,2025-10-09 06:00:00
367,M053,Chicken,63,kg,220,2025-10-09 06:00:00
368,M053,Tomato,3,kg,45,2025-10-09 06:00:00
369,M053,Flour,23,kg,35,2025-10-09 06:00:00
370,M053,Cheese,11,kg,350,2025-10-09 06:00:00
371,M053,Paneer,6,kg,260,2025-10-09 06:00:00
372,M053,Onion,58,kg,30,2025-10-09 06:00:00
373,M053,Milk,4,liter,55,2025-10-09 06:00:00
374,M053,Oil,23,liter,115,2025-10-09 06:00:00
375,M054,Tomato,28,kg,45,2025-10-09 06:00:00
376,M054,Flour,7,kg,35,2025-10-09 06:00:00
377,M054,Cheese,3,kg,350,2025-10-09 06:00:00
378,M054,Onion,61,kg,30,2025-10-09 06:00:00
379,M054,Chicken,41,kg,220,2025-10-09 06:00:00
380,M054,Paneer,28,kg,260,2025-10-09 06:00:00
381,M054,Rice,76,kg,89,2025-10-09 06:00:00
382,M054,Milk,41,liter,55,2025-10-09 06:00:00
383,M055,Onion,75,kg,30,2025-10-09 06:00:00
384,M055,Flour,8,kg,35,2025-10-09 06:00:00
385,M055,Cheese,5,kg,350,2025-10-09 06:00:00
386,M055,Rice,47,kg,89,2025-10-09 06:00:00
387,M055,Tomato,3,kg,45,2025-10-09 06:00:00
388,M055,Oil,45,liter,115,2025-10-09 06:00:00
389,M055,Chicken,2,kg,220,2025-10-09 06:00:00
390,M055,Paneer,22,kg,260,2025-10-09 06:00:00
391,M055,Milk,34,liter,55,2025-10-09 06:00:00
392,M056,Rice,89,kg,89,2025-10-09 06:00:00
393,M056,Paneer,19,kg,260,2025-10-09 06:00:00
394,M056,Onion,64,kg,30,2025-10-09 06:00:00
395,M056,Flour,44,kg,35,2025-10-09 06:00:00
396,M056,Chicken,9,kg,220,2025-10-09 06:00:00
397,M056,Tomato,15,kg,45,2025-10-09 06:00:00
398,M056,Cheese,30,kg,350,2025-10-09 06:00:00
399,M056,Milk,34,liter,55,2025-10-09 06:00:00
400,M056,Oil,7,liter,115,2025-10-09 06:00:00
401,M057,Oil,4,liter,115,2025-10-09 06:00:00
402,M057,Flour,54,kg,35,2025-10-09 06:00:00
403,M057,Rice,100,kg,89,2025-10-09 06:00:00
404,M057,Paneer,16,kg,260,2025-10-09 06:00:00
405,M057,Milk,55,liter,55,2025-10-09 06:00:00
406,M057,Tomato,3,kg,45,2025-10-09 06:00:00
407,M057,Cheese,17,kg,350,2025-10-09 06:00:00
408,M058,Chicken,33,kg,220,2025-10-09 06:00:00
409,M058,Tomato,30,kg,45,2025-10-09 06:00:00
410,M058,Onion,78,kg,30,2025-10-09 06:00:00
411,M058,Paneer,24,kg,260,2025-10-09 06:00:00
412,M058,Oil,43,liter,115,2025-10-09 06:00:00
413,M058,Rice,160,kg,89,2025-10-09 06:00:00
414,M059,Paneer,31,kg,260,2025-10-09 06:00:00
415,M059,Tomato,57,kg,45,2025-10-09 06:00:00
416,M059,Chicken,37,kg,220,2025-10-09 06:00:00
417,M059,Oil,5,liter,115,2025-10-09 06:00:00
418,M059,Flour,57,kg,35,2025-10-09 06:00:00
419,M059,Milk,46,liter,55,2025-10-09 06:00:00
420,M059,Onion,76,kg,30,2025-10-09 06:00:00
421,M059,Cheese,17,kg,350,2025-10-09 06:00:00
422,M060,Paneer,16,kg,260,2025-10-09 06:00:00
423,M060,Flour,54,kg,35,2025-10-09 06:00:00
424,M060,Tomato,3,kg,45,2025-10-09 06:00:00
425,M060,Onion,33,kg,30,2025-10-09 06:00:00
426,M060,Oil,8,liter,115,2025-10-09 06:00:00
427,M060,Rice,3,kg,89,2025-10-09 06:00:00
428,M060,Cheese,29,kg,350,2025-10-09 06:00:00
429,M060,Milk,24,liter,55,2025-10-09 06:00:00
430,M061,Flour,27,kg,35,2025-10-09 06:00:00
431,M061,Tomato,3,kg,45,2025-10-09 06:00:00
432,M061,Chicken,35,kg,220,2025-10-09 06:00:00
433,M061,Onion,4,kg,30,2025-10-09 06:00:00
434,M061,Oil,35,liter,115,2025-10-09 06:00:00
435,M061,Rice,52,kg,89,2025-10-09 06:00:00
436,M061,Cheese,25,kg,350,2025-10-09 06:00:00
437,M061,Milk,20,liter,55,2025-10-09 06:00:00
438,M062,Tomato,41,kg,45,2025-10-09 06:00:00
439,M062,Paneer,9,kg,260,2025-10-09 06:00:00
440,M062,Milk,58,liter,55,2025-10-09 06:00:00
441,M062,Rice,66,kg,89,2025-10-09 06:00:00
442,M062,Onion,9,kg,30,2025-10-09 06:00:00
443,M062,Oil,41,liter,115,2025-10-09 06:00:00
444,M062,Chicken,25,kg,220,2025-10-09 06:00:00
445,M063,Paneer,23,kg,260,2025-10-09 06:00:00
446,M063,Onion,53,kg,30,2025-10-09 06:00:00
447,M063,Milk,57,liter,55,2025-10-09 06:00:00
448,M063,Rice,50,kg,89,2025-10-09 06:00:00
449,M063,Flour,80,kg,35,2025-10-09 06:00:00
450,M063,Chicken,30,kg,220,2025-10-09 06:00:00
451,M063,Tomato,51,kg,45,2025-10-09 06:00:00
452,M063,Oil,29,liter,115,2025-10-09 06:00:00
453,M063,Cheese,26,kg,350,2025-10-09 06:00:00
454,M064,Onion,79,kg,30,2025-10-09 06:00:00
455,M064,Rice,133,kg,89,2025-10-09 06:00:00
456,M064,Flour,95,kg,35,2025-10-09 06:00:00
457,M064,Cheese,11,kg,350,2025-10-09 06:00:00
458,M064,Chicken,9,kg,220,2025-10-09 06:00:00
459,M064,Tomato,58,kg,45,2025-10-09 06:00:00
460,M064,Oil,24,liter,115,2025-10-09 06:00:00
461,M064,Paneer,24,kg,260,2025-10-09 06:00:00
462,M065,Flour,39,kg,35,2025-10-09 06:00:00
463,M065,Tomato,32,kg,45,2025-10-09 06:00:00
464,M065,Onion,70,kg,30,2025-10-09 06:00:00
465,M065,Milk,31,liter,55,2025-10-09 06:00:00
466,M065,Oil,46,liter,115,2025-10-09 06:00:00
467,M066,Cheese,10,kg,350,2025-10-09 06:00:00
468,M066,Rice,4,kg,89,2025-10-09 06:00:00
469,M066,Flour,4,kg,35,2025-10-09 06:00:00
470,M066,Oil,34,liter,115,2025-10-09 06:00:00
471,M066,Onion,7,kg,30,2025-10-09 06:00:00
472,M067,Paneer,36,kg,260,2025-10-09 06:00:00
473,M067,Rice,112,kg,89,2025-10-09 06:00:00
474,M067,Tomato,8,kg,45,2025-10-09 06:00:00
475,M067,Chicken,47,kg,220,2025-10-09 06:00:00
476,M067,Oil,2,liter,115,2025-10-09 06:00:00
477,M067,Flour,44,kg,35,2025-10-09 06:00:00
478,M067,Cheese,20,kg,350,2025-10-09 06:00:00
479,M067,Onion,51,kg,30,2025-10-09 06:00:00
480,M068,Tomato,46,kg,45,2025-10-09 06:00:00
481,M068,Paneer,29,kg,260,2025-10-09 06:00:00
482,M068,Onion,63,kg,30,2025-10-09 06:00:00
483,M068,Milk,49,liter,55,2025-10-09 06:00:00
484,M068,Oil,27,liter,115,2025-10-09 06:00:00
485,M069,Flour,2,kg,35,2025-10-09 06:00:00
486,M069,Chicken,35,kg,220,2025-10-09 06:00:00
487,M069,Cheese,18,kg,350,2025-10-09 06:00:00
488,M069,Tomato,8,kg,45,2025-10-09 06:00:00
489,M069,Oil,9,liter,115,2025-10-09 06:00:00
490,M070,Oil,27,liter,115,2025-10-09 06:00:00
491,M070,Paneer,34,kg,260,2025-10-09 06:00:00
492,M070,Onion,34,kg,30,2025-10-09 06:00:00
493,M070,Rice,92,kg,89,2025-10-09 06:00:00
494,M070,Tomato,50,kg,45,2025-10-09 06:00:00
495,M070,Chicken,48,kg,220,2025-10-09 06:00:00
496,M071,Paneer,33,kg,260,2025-10-09 06:00:00
497,M071,Rice,3,kg,89,2025-10-09 06:00:00
498,M071,Oil,36,liter,115,2025-10-09 06:00:00
499,M071,Onion,32,kg,30,2025-10-09 06:00:00
500,M071,Chicken,33,kg,220,2025-10-09 06:00:00
501,M071,Milk,34,liter,55,2025-10-09 06:00:00
502,M071,Flour,80,kg,35,2025-10-09 06:00:00
503,M071,Tomato,9,kg,45,2025-10-09 06:00:00
504,M071,Cheese,6,kg,350,2025-10-09 06:00:00
505,M072,Chicken,54,kg,220,2025-10-09 06:00:00
506,M072,Flour,93,kg,35,2025-10-09 06:00:00
507,M072,Tomato,9,kg,45,2025-10-09 06:00:00
508,M072,Onion,80,kg,30,2025-10-09 06:00:00
509,M072,Oil,2,liter,115,2025-10-09 06:00:00
510,M072,Rice,133,kg,89,2025-10-09 06:00:00
511,M072,Milk,3,liter,55,2025-10-09 06:00:00
512,M073,Cheese,29,kg,350,2025-10-09 06:00:00
513,M073,Tomato,8,kg,45,2025-10-09 06:00:00
514,M073,Oil,15,liter,115,2025-10-09 06:00:00
515,M073,Rice,135,kg,89,2025-10-09 06:00:00
516,M073,Flour,4,kg,35,2025-10-09 06:00:00
517,M073,Onion,57,kg,30,2025-10-09 06:00:00
518,M073,Paneer,39,kg,260,2025-10-09 06:00:00
519,M074,Oil,18,liter,115,2025-10-09 06:00:00
520,M074,Milk,5,liter,55,2025-10-09 06:00:00
521,M074,Onion,22,kg,30,2025-10-09 06:00:00
522,M074,Tomato,45,kg,45,2025-10-09 06:00:00
523,M074,Cheese,26,kg,350,2025-10-09 06:00:00
524,M074,Paneer,22,kg,260,2025-10-09 06:00:00
525,M074,Flour,20,kg,35,2025-10-09 06:00:00
526,M074,Rice,44,kg,89,2025-10-09 06:00:00
527,M075,Milk,40,liter,55,2025-10-09 06:00:00
528,M075,Chicken,53,kg,220,2025-10-09 06:00:00
529,M075,Paneer,21,kg,260,2025-10-09 06:00:00
530,M075,Cheese,17,kg,350,2025-10-09 06:00:00
531,M075,Rice,198,kg,89,2025-10-09 06:00:00
532,M076,Chicken,62,kg,220,2025-10-09 06:00:00
533,M076,Flour,90,kg,35,2025-10-09 06:00:00
534,M076,Cheese,22,kg,350,2025-10-09 06:00:00
535,M076,Rice,92,kg,89,2025-10-09 06:00:00
536,M076,Oil,25,liter,115,2025-10-09 06:00:00
537,M076,Milk,55,liter,55,2025-10-09 06:00:00
538,M077,Oil,33,liter,115,2025-10-09 06:00:00
539,M077,Milk,47,liter,55,2025-10-09 06:00:00
540,M077,Tomato,15,kg,45,2025-10-09 06:00:00
541,M077,Chicken,9,kg,220,2025-10-09 06:00:00
542,M077,Paneer,21,kg,260,2025-10-09 06:00:00
543,M077,Flour,41,kg,35,2025-10-09 06:00:00
544,M077,Cheese,21,kg,350,2025-10-09 06:00:00
545,M077,Onion,49,kg,30,2025-10-09 06:00:00
546,M077,Rice,8,kg,89,2025-10-09 06:00:00
547,M078,Onion,64,kg,30,2025-10-09 06:00:00
548,M078,Oil,18,liter,115,2025-10-09 06:00:00
549,M078,Paneer,29,kg,260,2025-10-09 06:00:00
550,M078,Rice,3,kg,89,2025-10-09 06:00:00
551,M078,Cheese,12,kg,350,2025-10-09 06:00:00
552,M078,Milk,2,liter,55,2025-10-09 06:00:00
553,M078,Tomato,44,kg,45,2025-10-09 06:00:00
554,M078,Chicken,66,kg,220,2025-10-09 06:00:00
555,M079,Rice,55,kg,89,2025-10-09 06:00:00
556,M079,Oil,42,liter,115,2025-10-09 06:00:00
557,M079,Milk,7,liter,55,2025-10-09 06:00:00
558,M079,Flour,61,kg,35,2025-10-09 06:00:00
559,M079,Chicken,39,kg,220,2025-10-09 06:00:00
560,M079,Onion,4,kg,30,2025-10-09 06:00:00
561,M079,Tomato,31,kg,45,2025-10-09 06:00:00
562,M079,Paneer,34,kg,260,2025-10-09 06:00:00
563,M079,Cheese,14,kg,350,2025-10-09 06:00:00
564,M080,Cheese,30,kg,350,2025-10-09 06:00:00
565,M080,Paneer,21,kg,260,2025-10-09 06:00:00
566,M080,Chicken,44,kg,220,2025-10-09 06:00:00
567,M080,Milk,23,liter,55,2025-10-09 06:00:00
568,M080,Onion,6,kg,30,2025-10-09 06:00:00
569,M081,Tomato,32,kg,45,2025-10-09 06:00:00
570,M081,Cheese,16,kg,350,2025-10-09 06:00:00
571,M081,Flour,70,kg,35,2025-10-09 06:00:00
572,M081,Paneer,16,kg,260,2025-10-09 06:00:00
573,M081,Onion,9,kg,30,2025-10-09 06:00:00
574,M081,Milk,28,liter,55,2025-10-09 06:00:00
575,M081,Rice,196,kg,89,2025-10-09 06:00:00
576,M082,Flour,5,kg,35,2025-10-09 06:00:00
577,M082,Paneer,19,kg,260,2025-10-09 06:00:00
578,M082,Chicken,70,kg,220,2025-10-09 06:00:00
579,M082,Cheese,19,kg,350,2025-10-09 06:00:00
580,M082,Milk,57,liter,55,2025-10-09 06:00:00
581,M082,Tomato,3,kg,45,2025-10-09 06:00:00
582,M082,Oil,17,liter,115,2025-10-09 06:00:00
583,M083,Cheese,13,kg,350,2025-10-09 06:00:00
584,M083,Tomato,44,kg,45,2025-10-09 06:00:00
585,M083,Milk,2,liter,55,2025-10-09 06:00:00
586,M083,Onion,40,kg,30,2025-10-09 06:00:00
587,M083,Rice,116,kg,89,2025-10-09 06:00:00
588,M083,Oil,2,liter,115,2025-10-09 06:00:00
589,M083,Chicken,2,kg,220,2025-10-09 06:00:00
590,M083,Flour,5,kg,35,2025-10-09 06:00:00
591,M083,Paneer,38,kg,260,2025-10-09 06:00:00
592,M084,Cheese,19,kg,350,2025-10-09 06:00:00
593,M084,Onion,42,kg,30,2025-10-09 06:00:00
594,M084,Oil,6,liter,115,2025-10-09 06:00:00
595,M084,Chicken,65,kg,220,2025-10-09 06:00:00
596,M084,Paneer,20,kg,260,2025-10-09 06:00:00
597,M084,Tomato,37,kg,45,2025-10-09 06:00:00
598,M084,Flour,90,kg,35,2025-10-09 06:00:00
599,M084,Milk,33,liter,55,2025-10-09 06:00:00
600,M084,Rice,159,kg,89,2025-10-09 06:00:00
601,M085,Cheese,13,kg,350,2025-10-09 06:00:00
602,M085,Onion,27,kg,30,2025-10-09 06:00:00
603,M085,Oil,48,liter,115,2025-10-09 06:00:00
604,M085,Milk,39,liter,55,2025-10-09 06:00:00
605,M085,Chicken,70,kg,220,2025-10-09 06:00:00
606,M085,Flour,35,kg,35,2025-10-09 06:00:00
607,M086,Cheese,9,kg,350,2025-10-09 06:00:00
608,M086,Chicken,44,kg,220,2025-10-09 06:00:00
609,M086,Flour,81,kg,35,2025-10-09 06:00:00
610,M086,Milk,31,liter,55,2025-10-09 06:00:00
611,M086,Rice,158,kg,89,2025-10-09 06:00:00
612,M086,Oil,36,liter,115,2025-10-09 06:00:00
613,M086,Onion,66,kg,30,2025-10-09 06:00:00
614,M086,Paneer,35,kg,260,2025-10-09 06:00:00
615,M086,Tomato,23,kg,45,2025-10-09 06:00:00
616,M087,Milk,44,liter,55,2025-10-09 06:00:00
617,M087,Flour,68,kg,35,2025-10-09 06:00:00
618,M087,Onion,69,kg,30,2025-10-09 06:00:00
619,M087,Tomato,54,kg,45,2025-10-09 06:00:00
620,M087,Chicken,35,kg,220,2025-10-09 06:00:00
621,M088,Flour,68,kg,35,2025-10-09 06:00:00
622,M088,Tomato,52,kg,45,2025-10-09 06:00:00
623,M088,Onion,7,kg,30,2025-10-09 06:00:00
624,M088,Milk,28,liter,55,2025-10-09 06:00:00
625,M088,Cheese,22,kg,350,2025-10-09 06:00:00
626,M089,Tomato,58,kg,45,2025-10-09 06:00:00
627,M089,Onion,28,kg,30,2025-10-09 06:00:00
628,M089,Flour,45,kg,35,2025-10-09 06:00:00
629,M089,Cheese,23,kg,350,2025-10-09 06:00:00
630,M089,Paneer,9,kg,260,2025-10-09 06:00:00
631,M089,Rice,126,kg,89,2025-10-09 06:00:00
632,M089,Chicken,67,kg,220,2025-10-09 06:00:00
633,M089,Milk,4,liter,55,2025-10-09 06:00:00
634,M090,Flour,8,kg,35,2025-10-09 06:00:00
635,M090,Paneer,17,kg,260,2025-10-09 06:00:00
636,M090,Chicken,28,kg,220,2025-10-09 06:00:00
637,M090,Cheese,3,kg,350,2025-10-09 06:00:00
638,M090,Onion,24,kg,30,2025-10-09 06:00:00
639,M090,Milk,42,liter,55,2025-10-09 06:00:00
640,M090,Oil,34,liter,115,2025-10-09 06:00:00
641,M090,Tomato,32,kg,45,2025-10-09 06:00:00
642,M090,Rice,7,kg,89,2025-10-09 06:00:00
643,M091,Onion,34,kg,30,2025-10-09 06:00:00
644,M091,Chicken,52,kg,220,2025-10-09 06:00:00
645,M091,Milk,22,liter,55,2025-10-09 06:00:00
646,M091,Cheese,4,kg,350,2025-10-09 06:00:00
647,M091,Tomato,3,kg,45,2025-10-09 06:00:00
648,M091,Flour,36,kg,35,2025-10-09 06:00:00
649,M092,Flour,45,kg,35,2025-10-09 06:00:00
650,M092,Cheese,18,kg,350,2025-10-09 06:00:00
651,M092,Rice,118,kg,89,2025-10-09 06:00:00
652,M092,Oil,9,liter,115,2025-10-09 06:00:00
653,M092,Paneer,34,kg,260,2025-10-09 06:00:00
654,M092,Onion,64,kg,30,2025-10-09 06:00:00
655,M092,Milk,53,liter,55,2025-10-09 06:00:00
656,M092,Chicken,42,kg,220,2025-10-09 06:00:00
657,M093,Cheese,23,kg,350,2025-10-09 06:00:00
658,M093,Rice,191,kg,89,2025-10-09 06:00:00
659,M093,Chicken,58,kg,220,2025-10-09 06:00:00
660,M093,Oil,45,liter,115,2025-10-09 06:00:00
661,M093,Flour,71,kg,35,2025-10-09 06:00:00
662,M093,Paneer,7,kg,260,2025-10-09 06:00:00
663,M093,Onion,71,kg,30,2025-10-09 06:00:00
664,M093,Tomato,54,kg,45,2025-10-09 06:00:00
665,M094,Rice,167,kg,89,2025-10-09 06:00:00
666,M094,Oil,48,liter,115,2025-10-09 06:00:00
667,M094,Cheese,24,kg,350,2025-10-09 06:00:00
668,M094,Paneer,30,kg,260,2025-10-09 06:00:00
669,M094,Flour,74,kg,35,2025-10-09 06:00:00
670,M094,Milk,7,liter,55,2025-10-09 06:00:00
671,M094,Tomato,58,kg,45,2025-10-09 06:00:00
672,M094,Chicken,68,kg,220,2025-10-09 06:00:00
673,M094,Onion,28,kg,30,2025-10-09 06:00:00
674,M095,Rice,98,kg,89,2025-10-09 06:00:00
675,M095,Cheese,29,kg,350,2025-10-09 06:00:00
676,M095,Tomato,2,kg,45,2025-10-09 06:00:00
677,M095,Chicken,9,kg,220,2025-10-09 06:00:00
678,M095,Flour,62,kg,35,2025-10-09 06:00:00
679,M095,Paneer,8,kg,260,2025-10-09 06:00:00
680,M095,Oil,38,liter,115,2025-10-09 06:00:00
681,M095,Milk,27,liter,55,2025-10-09 06:00:00
682,M096,Oil,8,liter,115,2025-10-09 06:00:00
683,M096,Tomato,44,kg,45,2025-10-09 06:00:00
684,M096,Flour,80,kg,35,2025-10-09 06:00:00
685,M096,Chicken,8,kg,220,2025-10-09 06:00:00
686,M096,Cheese,6,kg,350,2025-10-09 06:00:00
687,M096,Onion,67,kg,30,2025-10-09 06:00:00
688,M097,Flour,5,kg,35,2025-10-09 06:00:00
689,M097,Milk,5,liter,55,2025-10-09 06:00:00
690,M097,Oil,45,liter,115,2025-10-09 06:00:00
691,M097,Onion,7,kg,30,2025-10-09 06:00:00
692,M097,Tomato,54,kg,45,2025-10-09 06:00:00
693,M097,Chicken,37,kg,220,2025-10-09 06:00:00
694,M098,Oil,24,liter,115,2025-10-09 06:00:00
695,M098,Chicken,59,kg,220,2025-10-09 06:00:00
696,M098,Onion,66,kg,30,2025-10-09 06:00:00
697,M098,Tomato,6,kg,45,2025-10-09 06:00:00
698,M098,Flour,33,kg,35,2025-10-09 06:00:00
699,M098,Paneer,9,kg,260,2025-10-09 06:00:00
700,M098,Milk,37,liter,55,2025-10-09 06:00:00
701,M098,Rice,165,kg,89,2025-10-09 06:00:00
702,M099,Milk,29,liter,55,2025-10-09 06:00:00
703,M099,Flour,40,kg,35,2025-10-09 06:00:00
704,M099,Chicken,63,kg,220,2025-10-09 06:00:00
705,M099,Cheese,13,kg,350,2025-10-09 06:00:00
706,M099,Tomato,2,kg,45,2025-10-09 06:00:00
707,M099,Paneer,3,kg,260,2025-10-09 06:00:00
708,M099,Rice,111,kg,89,2025-10-09 06:00:00
709,M100,Flour,76,kg,35,2025-10-09 06:00:00
710,M100,Tomato,33,kg,45,2025-10-09 06:00:00
711,M100,Paneer,32,kg,260,2025-10-09 06:00:00
712,M100,Chicken,43,kg,220,2025-10-09 06:00:00
713,M100,Oil,45,liter,115,2025-10-09 06:00:00
714,M100,Milk,35,liter,55,2025-10-09 06:00:00
