order_id,merchant_id,order_time,order_channel,customer_phone,total_amount
100001,M029,2025-10-01 21:11:00,swiggy,9206812528,619
100002,M037,2025-10-01 19:30:00,online,9793004956,867
100003,M030,2025-10-01 19:04:00,zomato,9986295756,791
100004,M018,2025-10-01 12:24:00,swiggy,7987252912,401
100005,M015,2025-10-02 12:52:00,zomato,9344474318,444
100006,M026,2025-10-02 21:19:00,online,7354035450,390
100007,M031,2025-10-02 22:08:00,zomato,8543192846,323
100008,M034,2025-10-02 21:55:00,zomato,7074730822,420
100009,M046,2025-10-02 13:31:00,swiggy,8229865901,472
100010,M012,2025-10-02 21:49:00,swiggy,9034945875,618
100011,M047,2025-10-03 22:04:00,swiggy,7721451455,1376
100012,M039,2025-10-03 19:51:00,zomato,9992921885,726
100013,M029,2025-10-03 14:20:00,voice,8607054546,209
100014,M012,2025-10-03 12:17:00,swiggy,8144810262,246
100015,M026,2025-10-03 22:17:00,online,7142103761,1066
100016,M041,2025-10-03 12:15:00,walkin,9132334391,436
100017,M027,2025-10-03 12:12:00,walkin,9896112695,224
100018,M034,2025-10-03 14:19:00,zomato,8372100081,281
100019,M044,2025-10-03 13:45:00,zomato,9895005689,362
100020,M045,2025-10-03 19:39:00,zomato,8661109311,1222
100021,M019,2025-10-04 13:46:00,voice,7362856571,308
100022,M041,2025-10-04 14:18:00,swiggy,7198502895,357
100023,M011,2025-10-04 22:12:00,online,8072984011,989
100024,M045,2025-10-04 22:11:00,zomato,9486522032,1066
100025,M037,2025-10-04 20:05:00,walkin,8156941611,662
100026,M046,2025-10-04 20:30:00,swiggy,9671139927,628
100027,M035,2025-10-04 14:19:00,online,8706155440,370
100028,M009,2025-10-04 13:47:00,online,7201898842,291
100029,M011,2025-10-04 15:26:00,online,7054059685,282
100030,M046,2025-10-04 19:59:00,swiggy,8919237462,1214
100031,M010,2025-10-04 13:40:00,walkin,8456845987,270
100032,M032,2025-10-04 13:14:00,swiggy,9380778393,562
100033,M044,2025-10-04 22:05:00,voice,7318214582,962
100034,M020,2025-10-05 21:21:00,zomato,9803267816,764
100035,M034,2025-10-05 21:09:00,swiggy,8511797632,935
100036,M006,2025-10-05 12:06:00,swiggy,7266440426,321
100037,M015,2025-10-05 13:19:00,zomato,7588462101,221
100038,M029,2025-10-05 19:45:00,voice,9991949105,957
100039,M008,2025-10-05 17:51:00,zomato,7666448501,371
100040,M041,2025-10-05 20:02:00,voice,8614303911,794
100041,M016,2025-10-05 12:27:00,zomato,9656192565,484
100042,M015,2025-10-06 16:56:00,zomato,8763519009,345
100043,M030,2025-10-06 21:45:00,walkin,9218426329,308
100044,M031,2025-10-06 19:28:00,swiggy,9685295447,641
100045,M030,2025-10-06 13:57:00,zomato,8324056338,376
100046,M019,2025-10-06 21:32:00,voice,9349361551,393
100047,M017,2025-10-06 21:30:00,zomato,7743741687,304
100048,M001,2025-10-07 15:19:00,swiggy,9506935838,317
100049,M007,2025-10-07 17:42:00,swiggy,9105599290,299
100050,M025,2025-10-07 14:19:00,walkin,8199169585,551
100051,M004,2025-10-07 13:36:00,swiggy,7236942598,289
100052,M021,2025-10-07 12:07:00,zomato,9761521253,324
100053,M014,2025-10-07 22:20:00,swiggy,7090528484,443
100054,M003,2025-10-07 13:39:00,voice,8398997477,524
100055,M046,2025-10-07 19:29:00,swiggy,8097927395,515
100056,M049,2025-10-07 12:04:00,zomato,7963155572,530
100057,M045,2025-10-08 20:05:00,voice,8230991396,452
100058,M039,2025-10-08 22:06:00,swiggy,7275021670,559
100059,M024,2025-10-08 12:14:00,swiggy,8166762201,205
100060,M008,2025-10-08 20:14:00,zomato,7124212343,788
100061,M021,2025-10-08 19:48:00,swiggy,9273179594,385
100062,M020,2025-10-08 20:30:00,swiggy,7953088330,882
100063,M028,2025-10-08 21:15:00,swiggy,7915069772,404
100064,M042,2025-10-09 14:21:00,zomato,8589850495,429
100065,M008,2025-10-09 14:19:00,online,7465619388,543
100066,M033,2025-10-09 22:09:00,walkin,8759474924,737
100067,M047,2025-10-09 20:53:00,swiggy,7846613151,776
100068,M024,2025-10-09 17:58:00,swiggy,7990881575,233
100069,M009,2025-10-09 19:21:00,zomato,8452344744,351
100070,M007,2025-10-09 12:51:00,swiggy,7206042256,257
100071,M011,2025-10-09 17:53:00,swiggy,9788695045,312
100072,M045,2025-10-09 20:40:00,walkin,7193714534,683
100073,M032,2025-10-10 19:08:00,zomato,8013425454,990
100074,M006,2025-10-10 20:50:00,swiggy,8643695200,1074
100075,M009,2025-10-10 12:39:00,zomato,7696660304,525
100076,M015,2025-10-10 21:45:00,swiggy,8849870637,834
100077,M017,2025-10-10 22:04:00,zomato,7000660582,1489
100078,M034,2025-10-10 20:26:00,swiggy,7627296283,879
100079,M022,2025-10-10 21:22:00,zomato,8191193623,1409
100080,M029,2025-10-10 13:48:00,swiggy,9528668953,542
100081,M046,2025-10-10 14:13:00,online,9921848603,472
100082,M028,2025-10-10 21:00:00,zomato,8547609392,1013
100083,M021,2025-10-10 22:17:00,zomato,9820842190,655
100084,M036,2025-10-10 13:28:00,zomato,7263292361,522
100085,M024,2025-10-10 22:25:00,swiggy,8249909756,1173
100086,M028,2025-10-11 14:13:00,online,9062953777,542
100087,M014,2025-10-11 22:07:00,online,8657139086,1211
100088,M022,2025-10-11 12:46:00,zomato,7609426012,411
100089,M040,2025-10-11 21:49:00,zomato,9063336257,1001
100090,M025,2025-10-11 18:06:00,zomato,8237068301,304
100091,M011,2025-10-11 22:03:00,swiggy,9654055404,1402
100092,M033,2025-10-11 19:58:00,zomato,7456654831,727
100093,M025,2025-10-11 18:16:00,swiggy,9014332168,233
100094,M045,2025-10-11 22:15:00,zomato,9779333835,1014
100095,M037,2025-10-12 14:00:00,online,7214035827,594
100096,M021,2025-10-12 21:55:00,swiggy,9083346140,1386
100097,M033,2025-10-12 12:46:00,swiggy,7279721350,510
100098,M040,2025-10-12 19:51:00,swiggy,9480581908,715
100099,M006,2025-10-12 13:59:00,zomato,8623456115,212
100100,M007,2025-10-12 22:00:00,swiggy,9508618070,825
100101,M023,2025-10-12 13:27:00,zomato,9390203969,320
100102,M050,2025-10-12 14:20:00,walkin,7083202663,581
100103,M046,2025-10-12 22:02:00,swiggy,9203502173,1068
100104,M002,2025-10-12 22:09:00,zomato,7087610313,1380
100105,M008,2025-10-12 20:32:00,swiggy,7370999739,1403
100106,M023,2025-10-13 21:29:00,swiggy,7070949636,738
100107,M009,2025-10-13 19:07:00,online,9393086862,388
100108,M004,2025-10-13 12:54:00,swiggy,8104018671,503
100109,M019,2025-10-13 14:03:00,swiggy,8240584824,417
100110,M006,2025-10-13 21:13:00,zomato,7961300757,473
100111,M023,2025-10-14 20:48:00,zomato,9068277066,662
100112,M028,2025-10-14 14:05:00,swiggy,9717227873,534
100113,M016,2025-10-14 15:40:00,online,9738753345,258
100114,M028,2025-10-14 17:12:00,zomato,7017355037,368
100115,M027,2025-10-14 16:30:00,swiggy,9112028527,238
100116,M022,2025-10-14 19:54:00,zomato,9809842106,601
100117,M006,2025-10-14 21:50:00,swiggy,8150400958,652
100118,M032,2025-10-15 15:00:00,voice,7226687518,272
100119,M013,2025-10-15 12:00:00,zomato,9467242678,396
100120,M050,2025-10-15 13:34:00,zomato,8610408607,296
100121,M007,2025-10-15 20:26:00,swiggy,7331272793,585
100122,M027,2025-10-15 17:22:00,zomato,7343134526,295
100123,M036,2025-10-15 16:28:00,swiggy,8909567528,382
100124,M038,2025-10-15 19:05:00,zomato,9751949534,711
100125,M027,2025-10-16 20:05:00,swiggy,8254044099,830
100126,M004,2025-10-16 14:13:00,online,9298378608,443
100127,M009,2025-10-16 22:15:00,online,9142917255,676
100128,M015,2025-10-16 15:44:00,walkin,8102418044,216
100129,M017,2025-10-16 13:37:00,swiggy,8665543190,353
100130,M030,2025-10-16 21:17:00,voice,7281372427,663
100131,M030,2025-10-17 19:34:00,zomato,7489713202,871
100132,M004,2025-10-17 19:56:00,swiggy,7802639941,1343
100133,M025,2025-10-17 21:29:00,swiggy,7461193061,613
100134,M036,2025-10-17 21:37:00,zomato,8015951952,675
100135,M020,2025-10-17 21:17:00,online,8959401966,1499
100136,M009,2025-10-17 12:36:00,zomato,9090229089,332
100137,M029,2025-10-17 21:24:00,voice,9876828864,930
100138,M037,2025-10-17 13:54:00,swiggy,8966202643,598
100139,M036,2025-10-17 20:32:00,zomato,9373065437,795
100140,M024,2025-10-17 19:43:00,zomato,9230534771,1036
100141,M032,2025-10-17 19:25:00,zomato,8248855651,928
100142,M002,2025-10-17 21:44:00,online,7981975769,1002
100143,M023,2025-10-18 14:19:00,zomato,8796317237,405
100144,M002,2025-10-18 20:26:00,zomato,8829924464,1370
100145,M001,2025-10-18 12:29:00,zomato,7236200051,378
100146,M017,2025-10-18 19:22:00,swiggy,9625165896,1336
100147,M024,2025-10-18 20:38:00,zomato,8954820873,1375
100148,M049,2025-10-18 22:15:00,online,8465111504,890
100149,M020,2025-10-18 20:19:00,swiggy,7173642367,1417
100150,M048,2025-10-18 12:51:00,zomato,9975194433,250
100151,M022,2025-10-18 22:13:00,zomato,7286144306,1453
100152,M001,2025-10-18 22:10:00,voice,8391159264,1299
100153,M020,2025-10-18 19:24:00,zomato,9112137708,614
100154,M049,2025-10-18 22:18:00,online,9577277462,957
100155,M002,2025-10-19 12:21:00,swiggy,9722355030,598
100156,M010,2025-10-19 12:54:00,zomato,9129513868,393
100157,M001,2025-10-19 21:45:00,swiggy,8134100916,1227
100158,M034,2025-10-19 19:57:00,swiggy,8124570407,1367
100159,M045,2025-10-19 12:43:00,online,9755944949,213
100160,M020,2025-10-19 21:20:00,online,9347953494,1056
100161,M027,2025-10-19 20:08:00,walkin,7729163085,1016
100162,M045,2025-10-19 22:10:00,swiggy,7128303492,871
100163,M020,2025-10-19 19:53:00,walkin,7157637817,1096
100164,M021,2025-10-19 21:25:00,voice,7093961174,1450
100165,M038,2025-10-19 12:05:00,online,8551531698,239
100166,M004,2025-10-20 12:52:00,swiggy,9996124202,348
100167,M031,2025-10-20 20:30:00,zomato,8999125617,552
100168,M023,2025-10-20 19:04:00,swiggy,7782358479,537
100169,M042,2025-10-20 19:55:00,zomato,8317881493,531
100170,M010,2025-10-20 19:22:00,walkin,9388973303,839
100171,M017,2025-10-20 19:42:00,walkin,9674805032,321
100172,M046,2025-10-21 12:30:00,walkin,9659324924,430
100173,M026,2025-10-21 20:23:00,zomato,8577157754,414
100174,M035,2025-10-21 15:03:00,swiggy,8410932557,333
100175,M043,2025-10-21 20:20:00,zomato,9710991160,482
100176,M007,2025-10-21 22:10:00,zomato,8792924120,617
100177,M016,2025-10-21 12:12:00,swiggy,9942594307,520
100178,M032,2025-10-22 13:43:00,swiggy,8900393175,303
100179,M018,2025-10-22 20:31:00,online,8542594723,318
100180,M043,2025-10-22 12:41:00,swiggy,7731806786,255
100181,M045,2025-10-22 12:09:00,voice,8223111109,479
100182,M003,2025-10-22 21:55:00,swiggy,9870057327,552
100183,M035,2025-10-22 19:13:00,zomato,9277584236,347
100184,M038,2025-10-22 18:36:00,walkin,9259922347,304
100185,M035,2025-10-22 14:18:00,zomato,8125933452,419
100186,M015,2025-10-23 12:35:00,online,8167417934,372
100187,M044,2025-10-23 22:13:00,online,9876450096,885
100188,M012,2025-10-23 12:40:00,online,9553751695,291
100189,M003,2025-10-23 21:21:00,zomato,8190801923,365
100190,M015,2025-10-23 15:31:00,voice,7030323895,315
100191,M030,2025-10-23 20:08:00,zomato,7571742664,593
100192,M043,2025-10-24 20:48:00,zomato,9148904806,1433
100193,M043,2025-10-24 22:05:00,swiggy,8769132284,1493
100194,M043,2025-10-24 14:21:00,swiggy,8774316091,575
100195,M045,2025-10-24 12:54:00,swiggy,9390007062,403
100196,M043,2025-10-24 16:23:00,online,9781888004,319
100197,M030,2025-10-24 22:07:00,walkin,8726736545,1466
100198,M008,2025-10-24 13:43:00,zomato,7387449696,338
100199,M025,2025-10-24 15:02:00,zomato,9628302419,398
100200,M001,2025-10-24 14:13:00,zomato,7025139371,526
100201,M027,2025-10-24 19:33:00,zomato,8024236214,1121
100202,M025,2025-10-25 22:13:00,walkin,7224667352,1423
100203,M011,2025-10-25 17:28:00,zomato,8289743325,242
100204,M027,2025-10-25 21:35:00,swiggy,8223974915,992
100205,M035,2025-10-25 19:47:00,walkin,7052310259,1487
100206,M015,2025-10-25 20:10:00,online,7046780505,675
100207,M024,2025-10-25 22:29:00,walkin,8296655904,770
100208,M021,2025-10-25 13:20:00,zomato,8432184363,428
100209,M012,2025-10-25 14:16:00,zomato,8135051696,317
100210,M029,2025-10-25 22:05:00,swiggy,9792221894,1125
100211,M037,2025-10-25 19:27:00,online,8996594213,817
100212,M033,2025-10-25 14:27:00,voice,8367090029,401
100213,M049,2025-10-25 12:58:00,online,7647855542,228
100214,M007,2025-10-25 21:44:00,zomato,9824278424,1407
100215,M029,2025-10-26 21:24:00,online,7697229957,1291
100216,M015,2025-10-26 19:41:00,zomato,9586655501,757
100217,M027,2025-10-26 12:19:00,zomato,9285033552,521
100218,M013,2025-10-26 13:31:00,walkin,9134139438,423
100219,M001,2025-10-26 14:19:00,zomato,9472282765,583
100220,M004,2025-10-26 22:24:00,online,7876436202,766
100221,M021,2025-10-26 19:51:00,walkin,8908531435,1162
100222,M008,2025-10-26 20:01:00,swiggy,9596814696,962
100223,M026,2025-10-26 20:28:00,voice,9617120893,1352
100224,M033,2025-10-26 13:22:00,zomato,9304767573,210
100225,M011,2025-10-26 12:51:00,zomato,9401487846,308
100226,M013,2025-10-26 18:58:00,swiggy,8299580663,315
100227,M010,2025-10-26 19:26:00,online,8514731896,1109
100228,M046,2025-10-26 19:19:00,zomato,9980191419,1060
100229,M044,2025-10-26 21:11:00,zomato,7616111313,1272
100230,M001,2025-10-27 13:54:00,zomato,8631913996,498
100231,M036,2025-10-27 12:16:00,swiggy,8966652974,550
100232,M002,2025-10-27 20:49:00,zomato,9587628871,596
100233,M033,2025-10-27 14:20:00,swiggy,8854314896,294
100234,M031,2025-10-28 20:29:00,walkin,9720108933,428
100235,M040,2025-10-28 22:28:00,swiggy,8500264546,710
100236,M007,2025-10-28 20:48:00,swiggy,7919671537,321
100237,M035,2025-10-28 20:52:00,voice,8093608193,733
100238,M012,2025-10-29 20:29:00,zomato,9617427866,780
100239,M010,2025-10-29 22:11:00,walkin,9836314118,841
100240,M023,2025-10-29 21:18:00,online,9037825387,808
100241,M042,2025-10-29 19:11:00,swiggy,7468540628,520
100242,M029,2025-10-29 12:09:00,zomato,9031947394,488
100243,M023,2025-10-29 20:53:00,swiggy,9138503727,787
100244,M050,2025-10-29 22:01:00,zomato,9058631650,847
100245,M002,2025-10-29 20:42:00,online,7962496962,486
100246,M027,2025-10-30 20:55:00,zomato,8631501262,575
100247,M030,2025-10-30 12:06:00,swiggy,7118071941,438
100248,M042,2025-10-30 18:30:00,walkin,9470577423,268
100249,M035,2025-10-30 19:06:00,swiggy,8497814334,893
100250,M032,2025-10-30 21:30:00,zomato,9274722938,651
100251,M043,2025-10-30 19:55:00,zomato,8891431765,753
100252,M013,2025-10-30 12:47:00,zomato,9774324691,552
100253,M025,2025-10-30 14:05:00,online,9727976530,364
100254,M007,2025-10-31 19:09:00,walkin,8400202237,1429
100255,M043,2025-10-31 22:07:00,zomato,7526214663,795
100256,M030,2025-10-31 16:03:00,swiggy,9562934943,203
100257,M037,2025-10-31 12:11:00,zomato,7036188759,587
100258,M023,2025-10-31 22:22:00,swiggy,9175804820,1153
100259,M046,2025-10-31 21:25:00,zomato,9876858451,708
100260,M006,2025-10-31 22:07:00,swiggy,7906123738,1455
100261,M032,2025-10-31 20:56:00,swiggy,8676410887,1473
100262,M039,2025-11-01 21:50:00,zomato,9247764808,1433
100263,M049,2025-11-01 13:43:00,swiggy,7833901190,526
100264,M022,2025-11-01 13:14:00,swiggy,8596247869,247
100265,M039,2025-11-01 12:22:00,swiggy,8256900984,438
100266,M015,2025-11-01 14:29:00,swiggy,8909042801,214
100267,M049,2025-11-01 19:49:00,swiggy,9816437803,953
100268,M024,2025-11-01 21:45:00,zomato,9676113088,1373
100269,M002,2025-11-01 20:31:00,voice,9802192055,1214
100270,M017,2025-11-01 13:54:00,zomato,9289003264,547
100271,M030,2025-11-01 19:46:00,online,7438700460,975
100272,M042,2025-11-02 20:33:00,zomato,9805601751,1371
100273,M030,2025-11-02 14:16:00,swiggy,7959464295,214
100274,M006,2025-11-02 13:53:00,online,9779712635,220
100275,M020,2025-11-02 19:39:00,swiggy,8166692208,1087
100276,M048,2025-11-02 14:03:00,online,8931650402,526
100277,M003,2025-11-02 14:01:00,zomato,7985622608,290
100278,M022,2025-11-02 21:46:00,walkin,8471194455,658
100279,M005,2025-11-02 20:44:00,swiggy,8105191939,1223
100280,M012,2025-11-02 12:56:00,swiggy,8741674873,472
100281,M039,2025-11-02 16:29:00,zomato,9369089290,364
100282,M015,2025-11-03 22:27:00,swiggy,7222652982,717
100283,M043,2025-11-03 13:37:00,zomato,8378659840,524
100284,M006,2025-11-03 21:14:00,zomato,7556635613,789
100285,M035,2025-11-03 20:00:00,walkin,9018289581,861
100286,M033,2025-11-03 13:44:00,swiggy,7581257562,576
100287,M038,2025-11-03 22:18:00,zomato,9500133989,803
100288,M017,2025-11-03 22:19:00,swiggy,8694076896,630
100289,M019,2025-11-03 22:04:00,online,9162581016,650
100290,M048,2025-11-04 14:24:00,swiggy,7130667182,278
100291,M043,2025-11-04 13:15:00,zomato,7309426771,290
100292,M009,2025-11-04 12:55:00,swiggy,8968512086,593
100293,M041,2025-11-04 19:34:00,voice,9279007037,773
100294,M043,2025-11-04 14:30:00,walkin,8772994892,566
100295,M021,2025-11-04 21:37:00,swiggy,7698373354,784
100296,M045,2025-11-04 12:22:00,swiggy,9521656355,266
100297,M003,2025-11-04 19:08:00,zomato,8776531719,596
100298,M018,2025-11-05 22:24:00,swiggy,9511766299,451
100299,M003,2025-11-05 21:42:00,zomato,7800750193,384
100300,M017,2025-11-05 12:14:00,swiggy,7967958425,270
100301,M011,2025-11-05 22:10:00,zomato,7200872423,643
100302,M001,2025-11-05 20:36:00,swiggy,8154816781,797
100303,M049,2025-11-05 13:46:00,online,8602799485,514
100304,M050,2025-11-05 20:55:00,voice,9864057195,564
100305,M008,2025-11-05 12:01:00,swiggy,8874453625,544
100306,M037,2025-11-05 13:13:00,swiggy,7454368596,222
100307,M008,2025-11-06 12:27:00,online,9502470059,358
100308,M043,2025-11-06 22:17:00,zomato,8642874028,884
100309,M004,2025-11-06 22:25:00,online,7728899516,381
100310,M037,2025-11-06 21:23:00,zomato,9534127976,373
100311,M012,2025-11-06 19:15:00,online,9536967663,375
100312,M001,2025-11-06 13:54:00,zomato,8907289207,433
100313,M014,2025-11-06 22:02:00,online,9123822061,725
100314,M012,2025-11-07 19:30:00,online,9409625440,1238
100315,M036,2025-11-07 13:21:00,swiggy,9602523432,334
100316,M042,2025-11-07 22:29:00,swiggy,8821320599,1095
100317,M048,2025-11-07 15:02:00,zomato,9732941835,223
100318,M028,2025-11-07 19:59:00,online,7183086220,665
100319,M040,2025-11-07 15:51:00,swiggy,7107932102,364
100320,M048,2025-11-07 13:24:00,walkin,7598832033,543
100321,M019,2025-11-07 21:11:00,walkin,7376636508,1358
100322,M040,2025-11-07 19:29:00,online,9529146310,1222
100323,M049,2025-11-07 21:22:00,swiggy,8634789550,1259
100324,M022,2025-11-07 14:03:00,swiggy,9953304571,291
100325,M033,2025-11-07 12:09:00,swiggy,9903158295,274
100326,M007,2025-11-07 20:45:00,zomato,9733152502,981
100327,M040,2025-11-07 22:17:00,swiggy,7737516523,819
100328,M022,2025-11-08 14:13:00,zomato,9726525186,213
100329,M026,2025-11-08 21:22:00,swiggy,8035779554,1163
100330,M008,2025-11-08 13:24:00,swiggy,8136237120,562
100331,M039,2025-11-08 18:31:00,swiggy,7983105846,282
100332,M036,2025-11-08 22:30:00,online,7899642651,1054
100333,M028,2025-11-08 20:36:00,walkin,8380464439,707
100334,M042,2025-11-08 13:07:00,online,8317227861,285
100335,M034,2025-11-08 12:58:00,zomato,7762980330,457
100336,M007,2025-11-08 12:41:00,online,9332045418,415
100337,M004,2025-11-08 18:59:00,swiggy,7379046630,393
100338,M030,2025-11-08 22:23:00,zomato,9522516009,960
100339,M009,2025-11-09 13:54:00,zomato,9363804348,247
100340,M020,2025-11-09 21:28:00,online,7151570203,1031
100341,M049,2025-11-09 19:37:00,online,7903726119,865
100342,M017,2025-11-09 21:18:00,voice,7658668433,1452
100343,M003,2025-11-09 18:02:00,walkin,7442079107,328
100344,M032,2025-11-09 16:56:00,swiggy,8143639998,298
100345,M030,2025-11-09 20:25:00,zomato,9034029840,659
100346,M043,2025-11-09 20:38:00,online,9526483467,1203
100347,M017,2025-11-09 14:25:00,walkin,7717318769,561
100348,M012,2025-11-10 12:15:00,online,9303232465,206
100349,M026,2025-11-10 20:18:00,swiggy,8137419739,691
100350,M019,2025-11-10 22:12:00,online,8705689594,579
100351,M006,2025-11-10 14:29:00,swiggy,9417115586,403
100352,M005,2025-11-10 12:00:00,voice,7289930210,407
100353,M003,2025-11-10 13:54:00,online,9500223566,278
100354,M023,2025-11-10 20:13:00,walkin,8305571947,556
100355,M030,2025-11-10 14:20:00,online,7855727444,459
100356,M001,2025-11-11 20:12:00,zomato,8738465602,365
100357,M041,2025-11-11 12:59:00,swiggy,7899045328,588
100358,M035,2025-11-11 20:05:00,zomato,7135196404,669
100359,M003,2025-11-11 15:06:00,online,9766851200,257
100360,M010,2025-11-11 19:05:00,online,9730656475,313
100361,M012,2025-11-11 14:19:00,online,7238626568,252
100362,M043,2025-11-11 21:31:00,swiggy,7972017808,535
100363,M002,2025-11-12 13:02:00,zomato,8580312334,321
100364,M007,2025-11-12 19:17:00,zomato,7571335381,504
100365,M028,2025-11-12 14:03:00,swiggy,9787712403,382
100366,M021,2025-11-12 18:28:00,online,7185438208,228
100367,M012,2025-11-13 14:21:00,swiggy,8330744678,264
100368,M042,2025-11-13 13:35:00,zomato,7032494525,338
100369,M018,2025-11-13 19:55:00,swiggy,8191456051,388
100370,M041,2025-11-13 17:34:00,swiggy,9169193514,342
100371,M007,2025-11-13 20:21:00,walkin,7146487199,384
100372,M040,2025-11-13 15:13:00,walkin,8901018105,256
100373,M045,2025-11-13 20:33:00,zomato,8312626439,868
100374,M038,2025-11-14 13:03:00,swiggy,8423379547,320
100375,M013,2025-11-14 13:20:00,online,9248902804,282
100376,M001,2025-11-14 19:45:00,swiggy,9150742484,910
100377,M011,2025-11-14 12:31:00,walkin,7806920443,256
100378,M002,2025-11-14 19:48:00,walkin,9166282640,1141
100379,M049,2025-11-14 21:42:00,swiggy,7346293465,1117
100380,M002,2025-11-14 20:17:00,swiggy,8366389605,1032
100381,M020,2025-11-14 14:05:00,swiggy,9240796790,496
100382,M038,2025-11-14 19:20:00,swiggy,7128307091,622
100383,M026,2025-11-14 14:23:00,zomato,7188286392,206
100384,M013,2025-11-14 21:12:00,swiggy,9280264496,1407
100385,M038,2025-11-15 18:10:00,zomato,9700399079,357
100386,M001,2025-11-15 19:52:00,swiggy,7293801725,675
100387,M032,2025-11-15 22:13:00,swiggy,9754438279,832
100388,M040,2025-11-15 22:12:00,zomato,7204565796,902
100389,M015,2025-11-15 20:29:00,swiggy,8186815487,813
100390,M032,2025-11-15 20:31:00,swiggy,9840565300,647
100391,M044,2025-11-15 21:01:00,swiggy,9556524778,1431
100392,M046,2025-11-15 20:38:00,zomato,7099789151,1419
100393,M027,2025-11-15 21:29:00,swiggy,7466062446,878
100394,M041,2025-11-15 19:55:00,zomato,7991824709,897
100395,M031,2025-11-15 18:36:00,zomato,9946310463,317
100396,M009,2025-11-15 12:58:00,zomato,8337532731,360
100397,M029,2025-11-15 18:58:00,zomato,7566146125,252
100398,M042,2025-11-15 21:38:00,zomato,7072672649,1163
100399,M013,2025-11-15 13:02:00,zomato,9594826791,206
100400,M023,2025-11-16 19:41:00,swiggy,9335128939,988
100401,M030,2025-11-16 21:14:00,zomato,7533994464,1247
100402,M050,2025-11-16 22:17:00,swiggy,7649261440,1131
100403,M048,2025-11-16 12:17:00,online,9303468695,452
100404,M037,2025-11-16 15:07:00,zomato,7362507752,312
100405,M032,2025-11-16 21:09:00,swiggy,9077577721,1302
100406,M038,2025-11-16 21:44:00,zomato,9720301652,892
100407,M025,2025-11-16 13:45:00,swiggy,7877285980,217
100408,M001,2025-11-16 14:01:00,walkin,7391271693,463
100409,M024,2025-11-16 19:39:00,swiggy,9995489899,833
100410,M047,2025-11-16 19:50:00,zomato,7899553339,1247
100411,M028,2025-11-16 13:19:00,zomato,8627393290,494
100412,M012,2025-11-16 15:16:00,zomato,7537377589,366
100413,M041,2025-11-16 21:58:00,walkin,8522211442,1477
100414,M034,2025-11-16 21:48:00,swiggy,8736355868,1269
100415,M006,2025-11-17 14:14:00,online,9412694796,266
100416,M038,2025-11-17 21:24:00,online,8471270524,596
100417,M039,2025-11-17 21:36:00,walkin,8768805254,881
100418,M049,2025-11-17 20:26:00,zomato,8136069106,752
100419,M009,2025-11-17 22:08:00,walkin,9763933113,759
100420,M050,2025-11-17 19:54:00,walkin,9382433240,455
100421,M002,2025-11-17 14:12:00,swiggy,9991753335,590
100422,M021,2025-11-18 14:25:00,zomato,8741186352,441
100423,M011,2025-11-18 20:47:00,online,7805801628,755
100424,M042,2025-11-18 12:05:00,zomato,7211071586,505
100425,M035,2025-11-18 13:40:00,online,7587034094,381
100426,M042,2025-11-18 22:06:00,walkin,8859967765,467
100427,M003,2025-11-18 21:10:00,swiggy,8156030776,787
100428,M045,2025-11-19 12:18:00,swiggy,9991228275,541
100429,M023,2025-11-19 13:44:00,zomato,9102962206,556
100430,M011,2025-11-19 20:01:00,swiggy,9187363636,560
100431,M035,2025-11-19 19:28:00,online,7967715018,607
100432,M019,2025-11-20 14:21:00,online,8211292608,340
100433,M039,2025-11-20 15:15:00,zomato,8409123681,311
100434,M028,2025-11-20 13:38:00,swiggy,8914638983,385
100435,M015,2025-11-20 14:13:00,zomato,8899021781,395
100436,M035,2025-11-20 12:12:00,zomato,7745945768,392
100437,M043,2025-11-20 15:43:00,swiggy,9979369993,332
100438,M042,2025-11-20 20:21:00,online,8133633355,880
100439,M022,2025-11-21 20:51:00,swiggy,7588080408,1253
100440,M019,2025-11-21 16:28:00,zomato,9919887791,236
100441,M023,2025-11-21 13:41:00,swiggy,7999174698,452
100442,M048,2025-11-21 20:13:00,zomato,9493675072,605
100443,M041,2025-11-21 13:03:00,zomato,9463218162,473
100444,M001,2025-11-21 21:51:00,zomato,9855406369,1076
100445,M003,2025-11-21 20:52:00,zomato,9415398912,1164
100446,M037,2025-11-21 21:32:00,zomato,8232079555,937
100447,M029,2025-11-21 15:41:00,online,7266215030,279
100448,M041,2025-11-21 13:50:00,online,7717109058,234
100449,M033,2025-11-21 12:18:00,zomato,7783005753,463
100450,M001,2025-11-21 14:30:00,online,9990909468,522
100451,M043,2025-11-21 22:21:00,zomato,9184786635,898
100452,M033,2025-11-22 21:49:00,zomato,8282101880,988
100453,M012,2025-11-22 22:14:00,walkin,7773581109,1146
100454,M026,2025-11-22 22:18:00,swiggy,7188966542,679
100455,M011,2025-11-22 19:51:00,online,9451212560,1474
100456,M033,2025-11-22 22:09:00,zomato,8979330643,807
100457,M027,2025-11-22 20:18:00,swiggy,8906775189,1225
100458,M017,2025-11-22 21:44:00,swiggy,9318373511,1047
100459,M028,2025-11-22 16:46:00,zomato,8293636557,314
100460,M026,2025-11-23 13:15:00,zomato,9480089026,328
100461,M036,2025-11-23 19:28:00,online,8769137387,1242
100462,M009,2025-11-23 22:14:00,zomato,7388772188,689
100463,M010,2025-11-23 18:13:00,swiggy,7809763931,347
100464,M024,2025-11-23 12:21:00,walkin,9945324200,492
100465,M024,2025-11-23 19:52:00,swiggy,8498013166,650
100466,M027,2025-11-23 12:04:00,swiggy,8911058139,416
100467,M041,2025-11-23 17:21:00,online,8558809796,240
100468,M040,2025-11-23 20:59:00,swiggy,8183969715,1457
100469,M031,2025-11-23 12:58:00,swiggy,7414804129,378
100470,M013,2025-11-23 19:17:00,zomato,8345146708,1369
100471,M008,2025-11-23 22:15:00,swiggy,8649801404,1314
100472,M008,2025-11-23 18:58:00,swiggy,9021390926,250
100473,M015,2025-11-23 14:06:00,swiggy,7650099375,211
100474,M041,2025-11-23 12:57:00,online,7030011015,329
100475,M030,2025-11-24 20:27:00,walkin,8921168590,684
100476,M033,2025-11-24 18:59:00,walkin,8640187118,205
100477,M010,2025-11-24 22:06:00,zomato,9504464659,481
100478,M015,2025-11-24 13:46:00,swiggy,7276694386,589
100479,M049,2025-11-24 17:53:00,swiggy,7236316442,206
100480,M014,2025-11-24 16:44:00,walkin,7257578440,381
100481,M001,2025-11-24 13:02:00,zomato,7300841951,306
100482,M034,2025-11-25 20:39:00,zomato,9731021918,604
100483,M025,2025-11-25 19:39:00,online,9511668656,608
100484,M024,2025-11-25 16:39:00,zomato,8333943585,229
100485,M038,2025-11-25 20:23:00,walkin,7956243568,395
100486,M045,2025-11-26 20:09:00,voice,7198222605,782
100487,M023,2025-11-26 19:29:00,zomato,9975099680,471
100488,M037,2025-11-26 13:11:00,zomato,8264416360,369
100489,M006,2025-11-26 19:36:00,swiggy,9298428796,338
100490,M025,2025-11-26 12:47:00,swiggy,8618611900,438
100491,M012,2025-11-26 15:07:00,swiggy,7295974331,214
100492,M044,2025-11-26 20:43:00,zomato,9476481390,771
100493,M015,2025-11-26 22:29:00,zomato,7224850573,758
100494,M037,2025-11-27 19:34:00,swiggy,7549396796,765
100495,M006,2025-11-27 22:15:00,voice,7220441346,404
100496,M001,2025-11-27 12:24:00,swiggy,9043740466,379
100497,M048,2025-11-27 22:28:00,swiggy,7993323756,624
100498,M036,2025-11-27 21:48:00,zomato,7745282442,400
100499,M043,2025-11-27 19:50:00,online,7547170172,737
100500,M003,2025-11-27 19:42:00,voice,9507860647,489
100501,M024,2025-11-27 13:06:00,zomato,8982545211,212
100502,M024,2025-11-27 20:53:00,zomato,7406785615,787
100503,M039,2025-11-28 19:38:00,swiggy,8950269144,1317
100504,M048,2025-11-28 22:01:00,walkin,7458676512,1368
100505,M003,2025-11-28 21:21:00,zomato,7268460183,1419
100506,M045,2025-11-28 22:24:00,zomato,8860092226,1265
100507,M047,2025-11-28 21:38:00,online,7713873654,785
100508,M041,2025-11-28 21:50:00,zomato,7891788042,807
100509,M034,2025-11-28 16:25:00,zomato,8618282196,201
100510,M031,2025-11-28 20:52:00,zomato,8251356601,1226
100511,M033,2025-11-28 21:15:00,swiggy,9464282654,1438
100512,M018,2025-11-28 14:24:00,zomato,7523923806,599
100513,M025,2025-11-28 13:28:00,swiggy,8001963268,541
100514,M039,2025-11-28 22:22:00,swiggy,9104733242,689
100515,M046,2025-11-29 19:29:00,online,7355665913,1434
100516,M012,2025-11-29 20:01:00,zomato,9420904337,652
100517,M050,2025-11-29 21:30:00,zomato,8471496422,693
100518,M004,2025-11-29 14:08:00,online,8636809792,270
100519,M027,2025-11-29 22:02:00,swiggy,7344914516,605
100520,M011,2025-11-29 21:42:00,zomato,9711760632,1444
100521,M034,2025-11-29 19:50:00,zomato,7491859596,715
100522,M012,2025-11-29 14:19:00,zomato,9240266041,448
100523,M011,2025-11-29 13:02:00,online,8094955620,231
100524,M013,2025-11-29 21:06:00,zomato,9542725963,851
100525,M039,2025-11-29 19:03:00,online,9790337800,1384
100526,M030,2025-11-29 21:38:00,swiggy,7268001110,789
100527,M050,2025-11-29 13:26:00,online,9096462053,212
100528,M029,2025-11-30 20:09:00,swiggy,7653838302,741
100529,M015,2025-11-30 19:53:00,walkin,8978976951,1308
100530,M014,2025-11-30 21:53:00,zomato,9367111945,1138
100531,M013,2025-11-30 12:27:00,swiggy,7116631839,390
100532,M036,2025-11-30 19:23:00,online,8036199490,674
100533,M016,2025-11-30 14:07:00,swiggy,9018171499,486
100534,M019,2025-11-30 14:05:00,swiggy,9281983336,440
100535,M032,2025-11-30 21:46:00,swiggy,8537017767,990
100536,M046,2025-11-30 22:01:00,walkin,9057857438,1181
100537,M022,2025-11-30 21:52:00,online,9899467493,1379
100538,M001,2025-11-30 13:14:00,online,8843777567,423
100539,M012,2025-12-01 22:02:00,zomato,8186829166,489
100540,M032,2025-12-01 20:30:00,swiggy,8269066816,783
100541,M002,2025-12-01 21:05:00,swiggy,9112009551,564
100542,M037,2025-12-01 19:18:00,zomato,7881691931,483
100543,M003,2025-12-02 13:58:00,swiggy,7393855677,506
100544,M039,2025-12-02 19:30:00,zomato,8803800835,843
100545,M007,2025-12-02 21:17:00,swiggy,9818783038,467
100546,M012,2025-12-02 22:18:00,voice,9967798953,747
100547,M026,2025-12-02 15:54:00,swiggy,9574281351,281
100548,M033,2025-12-02 20:17:00,zomato,8264183996,581
100549,M005,2025-12-02 21:44:00,online,7742966835,526
100550,M001,2025-12-02 14:10:00,swiggy,7264837494,570
100551,M022,2025-12-03 16:20:00,zomato,7504738409,267
100552,M040,2025-12-03 19:57:00,walkin,9474043205,855
100553,M043,2025-12-03 19:40:00,walkin,7430056433,370
100554,M043,2025-12-03 12:38:00,zomato,7138447143,253
100555,M014,2025-12-04 14:30:00,online,7240645637,433
100556,M049,2025-12-04 21:38:00,swiggy,7553934284,415
100557,M014,2025-12-04 19:22:00,swiggy,7886164633,839
100558,M045,2025-12-04 22:06:00,swiggy,9093532006,828
100559,M031,2025-12-04 13:13:00,zomato,9003894741,562
100560,M036,2025-12-05 22:27:00,voice,9145418810,1445
100561,M020,2025-12-05 14:04:00,swiggy,9339025106,534
100562,M044,2025-12-05 21:50:00,swiggy,7036572959,829
100563,M025,2025-12-05 20:04:00,swiggy,8163091090,1010
100564,M009,2025-12-05 20:38:00,walkin,8575937411,1107
100565,M027,2025-12-05 12:46:00,swiggy,8324632671,211
100566,M038,2025-12-05 12:00:00,online,8512455512,468
100567,M026,2025-12-05 20:50:00,zomato,8867545259,1163
100568,M032,2025-12-05 22:02:00,swiggy,8682783943,1145
100569,M006,2025-12-05 21:16:00,zomato,9088794968,767
100570,M001,2025-12-05 22:21:00,walkin,9941175738,903
100571,M032,2025-12-05 14:06:00,zomato,7006909472,439
100572,M031,2025-12-05 21:58:00,zomato,9694656172,1055
100573,M008,2025-12-05 12:24:00,swiggy,9667462662,539
100574,M039,2025-12-05 12:23:00,swiggy,9561057102,485
100575,M033,2025-12-06 19:59:00,swiggy,7281866273,667
100576,M022,2025-12-06 20:45:00,swiggy,7437654667,655
100577,M012,2025-12-06 20:34:00,online,7265951278,1236
100578,M015,2025-12-06 13:45:00,zomato,7495611279,264
100579,M002,2025-12-06 20:40:00,zomato,8996397027,1414
100580,M035,2025-12-06 22:15:00,walkin,9541417348,931
100581,M026,2025-12-06 21:19:00,zomato,9514405677,1171
100582,M020,2025-12-06 16:15:00,zomato,7692887348,396
100583,M018,2025-12-06 22:13:00,swiggy,9436498036,1026
100584,M025,2025-12-06 20:55:00,zomato,9472438127,740
100585,M006,2025-12-07 20:54:00,zomato,8588810471,1329
100586,M048,2025-12-07 13:20:00,zomato,8537265937,278
100587,M027,2025-12-07 13:36:00,swiggy,7010793927,218
100588,M043,2025-12-07 22:25:00,zomato,7811938482,826
100589,M029,2025-12-07 22:27:00,online,9369423720,1315
100590,M003,2025-12-07 18:44:00,zomato,7285913494,275
100591,M030,2025-12-07 21:50:00,swiggy,8630905388,1412
100592,M007,2025-12-07 12:25:00,zomato,8686990636,552
100593,M009,2025-12-07 22:00:00,swiggy,7344327723,675
100594,M044,2025-12-07 17:37:00,swiggy,7005231614,264
100595,M046,2025-12-07 21:27:00,swiggy,7095207702,844
100596,M018,2025-12-07 19:13:00,swiggy,9046136311,1268
100597,M021,2025-12-07 21:27:00,zomato,9284985115,1435
100598,M032,2025-12-07 21:36:00,walkin,9972031296,814
100599,M032,2025-12-07 12:47:00,online,9383824462,441
100600,M004,2025-12-08 13:17:00,walkin,9754109866,324
100601,M048,2025-12-08 13:59:00,zomato,7627099189,406
100602,M013,2025-12-08 19:26:00,online,9440251404,400
100603,M022,2025-12-08 12:47:00,walkin,8886444379,417
100604,M015,2025-12-08 20:14:00,zomato,7115913880,495
100605,M037,2025-12-08 22:22:00,voice,9298167617,662
100606,M007,2025-12-08 20:45:00,zomato,9119565488,744
100607,M003,2025-12-09 19:39:00,zomato,7497067873,661
100608,M002,2025-12-09 22:29:00,zomato,8824894808,649
100609,M011,2025-12-09 16:44:00,swiggy,8703006987,369
100610,M006,2025-12-09 13:10:00,zomato,9790011463,520
100611,M001,2025-12-09 20:31:00,swiggy,9832569348,798
100612,M026,2025-12-09 15:44:00,online,7688901943,319
100613,M025,2025-12-09 15:53:00,swiggy,9028743097,254
100614,M025,2025-12-10 20:57:00,walkin,8425075138,479
100615,M013,2025-12-10 18:24:00,zomato,7002816734,291
100616,M003,2025-12-10 14:07:00,walkin,9033018339,330
100617,M033,2025-12-10 21:58:00,zomato,8061228446,623
100618,M034,2025-12-10 13:31:00,swiggy,8060261028,277
100619,M023,2025-12-11 18:30:00,voice,9462149544,359
100620,M039,2025-12-11 21:33:00,online,7331840636,709
100621,M024,2025-12-11 12:47:00,swiggy,9996673032,223
100622,M005,2025-12-11 12:41:00,swiggy,8379486694,378
100623,M034,2025-12-11 22:27:00,zomato,7184323500,889
100624,M022,2025-12-11 18:05:00,swiggy,7196597489,250
100625,M036,2025-12-11 21:35:00,swiggy,8647097350,346
100626,M027,2025-12-12 22:18:00,online,7001425402,1362
100627,M021,2025-12-12 20:55:00,online,7892876118,1289
100628,M025,2025-12-12 13:22:00,online,8009105299,400
100629,M018,2025-12-12 14:00:00,voice,8361347217,406
100630,M005,2025-12-12 15:19:00,swiggy,9048600905,304
100631,M031,2025-12-12 14:05:00,swiggy,7103589462,579
100632,M018,2025-12-12 14:12:00,swiggy,7108594169,438
100633,M042,2025-12-12 21:13:00,swiggy,9219468207,1104
100634,M039,2025-12-12 14:28:00,swiggy,9285240224,200
100635,M030,2025-12-12 19:04:00,swiggy,7295727451,1099
100636,M036,2025-12-12 21:15:00,walkin,8088967615,876
100637,M009,2025-12-12 20:17:00,swiggy,9594157881,1068
100638,M044,2025-12-12 14:10:00,zomato,9404800887,464
100639,M006,2025-12-12 19:35:00,zomato,9644981379,655
100640,M024,2025-12-13 19:52:00,swiggy,8557719655,1322
100641,M038,2025-12-13 22:18:00,zomato,8095909309,881
100642,M048,2025-12-13 14:16:00,zomato,9719050222,321
100643,M043,2025-12-13 14:14:00,online,9730762566,536
100644,M039,2025-12-13 14:20:00,online,8928531948,400
100645,M048,2025-12-13 22:09:00,swiggy,7700289824,782
100646,M019,2025-12-13 19:29:00,swiggy,8699597839,987
100647,M039,2025-12-13 14:05:00,zomato,8105690374,540
100648,M002,2025-12-13 14:30:00,swiggy,8614294038,267
100649,M035,2025-12-13 20:25:00,zomato,9507177175,1117
100650,M011,2025-12-13 21:00:00,zomato,9444406960,1161
100651,M012,2025-12-13 22:01:00,online,8715354798,1113
100652,M039,2025-12-14 20:16:00,swiggy,8616607788,1054
100653,M029,2025-12-14 14:05:00,walkin,8972152714,442
100654,M018,2025-12-14 22:24:00,swiggy,7181752873,1393
100655,M045,2025-12-14 19:10:00,zomato,7254460695,1194
100656,M036,2025-12-14 21:17:00,zomato,9097911615,923
100657,M036,2025-12-14 22:24:00,zomato,9350226574,1494
100658,M020,2025-12-14 12:21:00,zomato,7061759384,408
100659,M008,2025-12-14 13:41:00,zomato,7659581245,402
100660,M018,2025-12-14 22:21:00,swiggy,8537772233,1202
100661,M020,2025-12-14 19:50:00,walkin,9514663178,1138
100662,M039,2025-12-14 21:19:00,walkin,7040981091,1153
100663,M036,2025-12-14 22:27:00,zomato,8252052087,732
100664,M042,2025-12-14 16:54:00,zomato,9939673521,329
100665,M047,2025-12-14 20:16:00,online,7841861720,826
100666,M044,2025-12-14 13:59:00,zomato,7050969707,526
100667,M027,2025-12-15 12:38:00,swiggy,7547752485,480
100668,M025,2025-12-15 12:21:00,online,8121163605,439
100669,M030,2025-12-15 21:11:00,swiggy,9340872842,350
100670,M007,2025-12-15 19:06:00,walkin,7551872703,751
100671,M046,2025-12-15 13:35:00,zomato,7867430314,434
100672,M034,2025-12-16 19:22:00,swiggy,9837922351,335
100673,M032,2025-12-16 20:40:00,zomato,9332147328,560
100674,M014,2025-12-16 22:22:00,online,8681293240,675
100675,M006,2025-12-16 20:02:00,swiggy,9542448939,611
100676,M020,2025-12-16 21:22:00,zomato,7553494947,343
100677,M008,2025-12-17 14:03:00,zomato,7966745508,288
100678,M001,2025-12-17 21:45:00,zomato,9659697069,595
100679,M047,2025-12-17 21:42:00,zomato,8649792119,868
100680,M005,2025-12-17 12:33:00,swiggy,7102586342,404
100681,M039,2025-12-17 19:20:00,zomato,8016471291,353
100682,M029,2025-12-17 21:39:00,swiggy,8624045732,614
100683,M009,2025-12-17 14:19:00,zomato,9320664484,300
100684,M042,2025-12-18 12:59:00,swiggy,7255171642,411
100685,M033,2025-12-18 19:48:00,zomato,8335735918,433
100686,M008,2025-12-18 14:15:00,walkin,8707662909,257
100687,M041,2025-12-18 13:25:00,zomato,7406845165,455
100688,M037,2025-12-19 21:13:00,walkin,8788536815,1059
100689,M003,2025-12-19 14:13:00,walkin,7768611476,579
100690,M049,2025-12-19 14:29:00,walkin,8130670307,454
100691,M008,2025-12-19 20:25:00,zomato,9922346235,1285
100692,M045,2025-12-19 14:12:00,zomato,7450327217,416
100693,M019,2025-12-19 21:24:00,online,7534510362,756
100694,M039,2025-12-19 13:38:00,voice,7124147127,436
100695,M024,2025-12-19 13:15:00,swiggy,7531580464,309
100696,M043,2025-12-19 13:03:00,voice,9471774886,226
100697,M015,2025-12-20 21:48:00,swiggy,7643918410,973
100698,M011,2025-12-20 20:27:00,swiggy,7753723981,671
100699,M002,2025-12-20 14:18:00,swiggy,7792884337,600
100700,M044,2025-12-20 22:20:00,swiggy,8379846778,1320
100701,M015,2025-12-20 22:03:00,voice,9783883656,739
100702,M039,2025-12-20 21:34:00,zomato,9475381369,1262
100703,M029,2025-12-20 21:12:00,swiggy,9078348558,772
100704,M009,2025-12-20 21:26:00,walkin,7824692485,1215
100705,M016,2025-12-20 18:34:00,swiggy,9028860898,281
100706,M021,2025-12-21 13:43:00,online,7957437015,475
100707,M037,2025-12-21 19:47:00,walkin,7605105258,1103
100708,M011,2025-12-21 12:36:00,swiggy,9323502920,375
100709,M017,2025-12-21 19:47:00,zomato,7593967685,813
100710,M005,2025-12-21 14:16:00,walkin,7983392825,284
100711,M049,2025-12-21 21:02:00,zomato,9758321579,845
100712,M009,2025-12-21 14:01:00,voice,8245700028,570
100713,M005,2025-12-21 22:29:00,zomato,8141276341,936
100714,M040,2025-12-22 20:56:00,zomato,8131017132,726
100715,M032,2025-12-22 20:29:00,zomato,8265848385,852
100716,M046,2025-12-22 12:00:00,zomato,7287957157,483
100717,M037,2025-12-22 20:14:00,swiggy,9114409077,534
100718,M049,2025-12-22 19:05:00,online,8428818926,374
100719,M009,2025-12-22 14:20:00,zomato,7186767772,233
100720,M050,2025-12-22 19:45:00,zomato,8903374644,419
100721,M023,2025-12-22 20:56:00,zomato,9041131517,306
100722,M047,2025-12-22 12:54:00,swiggy,7946242141,207
100723,M045,2025-12-23 21:32:00,online,7992255960,795
100724,M005,2025-12-23 13:45:00,online,7805364292,460
100725,M015,2025-12-23 20:45:00,walkin,9499477776,810
100726,M040,2025-12-23 12:37:00,walkin,9624027727,590
100727,M019,2025-12-24 19:53:00,swiggy,7818429356,404
100728,M017,2025-12-24 20:06:00,swiggy,9106195511,793
100729,M001,2025-12-24 17:15:00,zomato,7021716287,376
100730,M005,2025-12-24 21:50:00,zomato,8648026926,626
100731,M043,2025-12-24 19:32:00,online,9585115489,758
100732,M033,2025-12-25 14:23:00,online,7344167891,311
100733,M040,2025-12-25 19:22:00,online,9614095447,770
100734,M045,2025-12-25 21:55:00,walkin,9737864600,787
100735,M015,2025-12-25 22:17:00,zomato,9957835801,785
100736,M049,2025-12-25 15:59:00,online,8478060219,400
100737,M005,2025-12-25 12:21:00,swiggy,7906953673,202
100738,M006,2025-12-25 22:08:00,zomato,7428243522,501
100739,M032,2025-12-26 21:36:00,zomato,8993639380,832
100740,M018,2025-12-26 19:30:00,walkin,8639592189,1300
100741,M008,2025-12-26 13:10:00,walkin,7898416987,308
100742,M047,2025-12-26 13:08:00,zomato,8444839585,224
100743,M043,2025-12-26 21:42:00,online,7933725856,1443
100744,M004,2025-12-26 20:35:00,online,9691884462,1217
100745,M049,2025-12-26 20:28:00,swiggy,8875000143,934
100746,M009,2025-12-26 12:15:00,swiggy,8694066611,460
100747,M017,2025-12-26 14:18:00,online,9065343813,484
100748,M046,2025-12-26 20:11:00,swiggy,7154675573,1157
100749,M042,2025-12-27 14:30:00,zomato,8402661817,589
100750,M014,2025-12-27 21:41:00,walkin,7717418588,662
100751,M016,2025-12-27 19:17:00,zomato,7219720092,696
100752,M027,2025-12-27 21:39:00,zomato,7466591373,740
100753,M034,2025-12-27 20:44:00,swiggy,7135368641,743
100754,M041,2025-12-27 21:04:00,swiggy,7265999863,881
100755,M045,2025-12-27 21:51:00,zomato,8821044827,689
100756,M033,2025-12-27 20:26:00,zomato,9267815082,1425
100757,M021,2025-12-27 12:36:00,zomato,9319396759,544
100758,M002,2025-12-27 20:40:00,swiggy,8080828750,1079
100759,M036,2025-12-27 17:08:00,zomato,9627214914,338
100760,M019,2025-12-27 19:03:00,zomato,7600071651,1223
100761,M017,2025-12-27 21:42:00,voice,8343816990,861
100762,M007,2025-12-28 22:29:00,swiggy,9739291859,1002
100763,M004,2025-12-28 21:18:00,swiggy,9448266449,1311
100764,M030,2025-12-28 22:14:00,zomato,7076484949,685
100765,M029,2025-12-28 13:30:00,swiggy,9804021510,496
100766,M042,2025-12-28 14:06:00,online,8389889461,396
100767,M021,2025-12-28 15:21:00,walkin,9356392029,248
100768,M001,2025-12-28 19:45:00,zomato,9518454744,826
100769,M038,2025-12-28 22:30:00,swiggy,7929963187,1332
100770,M014,2025-12-28 13:31:00,zomato,7839456959,474
100771,M023,2025-12-28 20:48:00,zomato,7881012038,1231
100772,M006,2025-12-28 22:29:00,zomato,7277697642,1081
100773,M042,2025-12-28 19:13:00,swiggy,8009236636,1034
100774,M019,2025-12-28 22:06:00,zomato,7316824186,1394
100775,M011,2025-12-29 19:52:00,swiggy,9309945397,689
100776,M032,2025-12-29 22:02:00,swiggy,7348847820,362
100777,M014,2025-12-29 12:57:00,online,7251881860,521
100778,M044,2025-12-29 13:28:00,swiggy,7225911400,243
100779,M044,2025-12-29 19:59:00,zomato,8307679311,482
100780,M024,2025-12-29 18:34:00,swiggy,9509298404,358
100781,M042,2025-12-29 21:41:00,online,8363696767,478
100782,M032,2025-12-30 12:38:00,zomato,8126196102,388
100783,M010,2025-12-30 22:27:00,zomato,7706363991,786
100784,M044,2025-12-30 19:21:00,online,7092288135,364
100785,M010,2025-12-30 21:47:00,walkin,7619544760,664
100786,M044,2025-12-30 19:56:00,walkin,9136114128,337
100787,M045,2025-12-31 20:33:00,swiggy,7641595790,585
100788,M050,2025-12-31 21:28:00,online,7022216160,888
100789,M046,2025-12-31 19:59:00,swiggy,9268299213,815
100790,M002,2025-12-31 12:22:00,swiggy,9579538765,374
100791,M031,2025-12-31 20:52:00,zomato,8040449129,631
100792,M006,2026-01-01 12:27:00,walkin,9694489175,290
100793,M013,2026-01-01 20:30:00,zomato,7894692387,744
100794,M015,2026-01-01 21:18:00,swiggy,9921937008,382
100795,M012,2026-01-01 20:13:00,swiggy,7246708079,536
100796,M034,2026-01-01 13:38:00,online,7785846987,358
100797,M009,2026-01-01 18:12:00,voice,8292369470,213
100798,M028,2026-01-01 12:59:00,walkin,7629252738,396
100799,M047,2026-01-02 20:57:00,online,9563045510,988
100800,M004,2026-01-02 19:35:00,zomato,9406950043,1120
100801,M003,2026-01-02 16:06:00,zomato,7846797432,365
100802,M031,2026-01-02 21:31:00,walkin,8527684157,796
100803,M013,2026-01-02 19:10:00,walkin,8345086108,825
100804,M004,2026-01-02 15:14:00,swiggy,7938957835,224
100805,M008,2026-01-02 12:47:00,swiggy,9718554349,597
100806,M040,2026-01-02 22:17:00,swiggy,7449286253,702
100807,M015,2026-01-02 14:19:00,zomato,8914658976,401
100808,M015,2026-01-02 14:03:00,swiggy,8164200359,351
100809,M037,2026-01-03 20:38:00,online,7214402002,1380
100810,M015,2026-01-03 12:46:00,swiggy,9163015721,308
100811,M045,2026-01-03 22:24:00,zomato,8746780600,676
100812,M047,2026-01-03 22:27:00,swiggy,8122405011,1035
100813,M034,2026-01-03 22:22:00,walkin,7813386307,881
100814,M016,2026-01-03 22:06:00,swiggy,7342232198,1451
100815,M032,2026-01-03 14:06:00,zomato,8002452319,470
100816,M049,2026-01-03 14:13:00,swiggy,8326269499,343
100817,M025,2026-01-03 20:45:00,zomato,8218355590,1180
100818,M049,2026-01-03 12:21:00,zomato,8387828644,477
100819,M039,2026-01-03 22:22:00,zomato,8042048827,1446
100820,M036,2026-01-04 20:32:00,zomato,9596747107,1420
100821,M047,2026-01-04 14:17:00,zomato,7483700472,479
100822,M034,2026-01-04 19:22:00,online,9582897936,1064
100823,M009,2026-01-04 21:23:00,swiggy,8218495123,1063
100824,M019,2026-01-04 13:20:00,swiggy,7901046566,276
100825,M044,2026-01-04 22:13:00,online,7594060676,1264
100826,M016,2026-01-04 19:54:00,swiggy,9279663865,1253
100827,M001,2026-01-04 19:54:00,swiggy,9613066075,1175
100828,M030,2026-01-04 21:28:00,zomato,7633260772,1343
100829,M022,2026-01-04 22:11:00,swiggy,9246492400,1300
100830,M005,2026-01-04 19:29:00,zomato,8611140775,920
100831,M019,2026-01-04 20:07:00,swiggy,9606947152,805
100832,M050,2026-01-04 22:01:00,swiggy,8524103065,780
100833,M014,2026-01-04 21:33:00,zomato,8414258745,727
100834,M022,2026-01-04 21:30:00,swiggy,9002927583,1225
100835,M041,2026-01-05 21:01:00,swiggy,9863263898,383
100836,M043,2026-01-05 21:36:00,zomato,8901250109,754
100837,M031,2026-01-05 19:08:00,zomato,7179485620,680
100838,M024,2026-01-05 17:31:00,swiggy,7304384531,209
100839,M040,2026-01-05 12:25:00,zomato,9796484234,447
100840,M042,2026-01-05 13:29:00,walkin,9620152125,552
100841,M038,2026-01-05 22:23:00,walkin,7699746731,503
100842,M002,2026-01-05 14:23:00,zomato,8166301606,315
100843,M029,2026-01-05 12:55:00,swiggy,9347847313,582
100844,M030,2026-01-06 13:59:00,swiggy,7558335092,559
100845,M038,2026-01-06 22:07:00,zomato,7417578853,768
100846,M041,2026-01-06 20:10:00,swiggy,7881172827,565
100847,M042,2026-01-06 20:39:00,online,7479287877,617
100848,M029,2026-01-06 22:05:00,zomato,7705465536,494
100849,M020,2026-01-06 16:48:00,swiggy,9004865643,214
100850,M024,2026-01-06 21:56:00,online,8074391527,819
100851,M018,2026-01-06 20:46:00,walkin,7489174019,338
100852,M030,2026-01-06 19:55:00,swiggy,9855934707,737
100853,M041,2026-01-07 22:22:00,swiggy,7500157361,796
100854,M006,2026-01-07 17:15:00,walkin,9922106796,319
100855,M029,2026-01-07 12:48:00,voice,8541035093,431
100856,M041,2026-01-07 21:20:00,walkin,7750411905,584
100857,M036,2026-01-07 20:03:00,swiggy,9986870960,724
100858,M031,2026-01-07 22:21:00,zomato,8168143803,664
100859,M047,2026-01-07 21:50:00,swiggy,9976793501,386
100860,M032,2026-01-07 20:31:00,zomato,9529300139,741
100861,M021,2026-01-08 20:22:00,swiggy,9553685549,592
100862,M008,2026-01-08 14:18:00,zomato,7714234404,283
100863,M031,2026-01-08 19:42:00,online,9953994020,394
100864,M048,2026-01-08 13:55:00,online,8732494736,389
100865,M044,2026-01-08 21:21:00,swiggy,7021641747,606
100866,M044,2026-01-08 22:06:00,swiggy,8568932701,649
100867,M045,2026-01-09 14:22:00,swiggy,8524043881,595
100868,M007,2026-01-09 15:32:00,online,8108689612,268
100869,M016,2026-01-09 22:29:00,zomato,9553431371,834
100870,M013,2026-01-09 22:27:00,zomato,8247112476,611
100871,M019,2026-01-09 19:21:00,zomato,7707478859,878
100872,M008,2026-01-09 20:07:00,zomato,9593392000,724
100873,M043,2026-01-09 22:17:00,zomato,7853458618,1097
100874,M001,2026-01-09 13:53:00,online,9776298941,579
100875,M022,2026-01-09 13:10:00,walkin,7850396440,224
100876,M005,2026-01-09 15:22:00,online,9061105417,386
100877,M004,2026-01-09 20:45:00,zomato,7335148853,1408
100878,M010,2026-01-09 20:25:00,swiggy,7209176519,1393
100879,M029,2026-01-09 21:51:00,online,8023506497,860
100880,M010,2026-01-09 22:02:00,zomato,8707238759,867
100881,M035,2026-01-10 13:42:00,online,9672380448,270
100882,M026,2026-01-10 15:50:00,walkin,9579803477,336
100883,M016,2026-01-10 17:11:00,walkin,7025291136,339
100884,M021,2026-01-10 20:13:00,zomato,8770187216,1258
100885,M032,2026-01-10 19:36:00,swiggy,8581639963,1313
100886,M033,2026-01-10 21:05:00,swiggy,9512049669,921
100887,M034,2026-01-10 20:17:00,online,9774022443,618
100888,M004,2026-01-10 18:27:00,zomato,8263523385,375
100889,M028,2026-01-10 12:43:00,swiggy,9122129043,584
100890,M003,2026-01-11 20:39:00,swiggy,7565227812,1396
100891,M030,2026-01-11 20:03:00,zomato,7135730793,1092
100892,M020,2026-01-11 20:43:00,zomato,9795825669,1148
100893,M007,2026-01-11 19:24:00,swiggy,8852572869,1237
100894,M012,2026-01-11 19:05:00,zomato,7337376472,1375
100895,M050,2026-01-11 21:46:00,swiggy,9183863074,1464
100896,M026,2026-01-11 14:17:00,online,9209345920,241
100897,M029,2026-01-11 14:16:00,zomato,7702499274,545
100898,M027,2026-01-11 15:08:00,zomato,9908807610,232
100899,M017,2026-01-11 14:02:00,online,9730482881,441
100900,M040,2026-01-11 22:23:00,swiggy,9041140711,1378
100901,M049,2026-01-11 22:04:00,swiggy,8590578314,1041
100902,M022,2026-01-12 20:03:00,swiggy,9793539542,671
100903,M023,2026-01-12 21:27:00,zomato,9894589874,511
100904,M041,2026-01-12 19:07:00,swiggy,9846372376,477
100905,M029,2026-01-12 14:28:00,online,8007351960,428
100906,M001,2026-01-12 20:58:00,voice,7218011339,865
100907,M047,2026-01-12 12:44:00,swiggy,7770522404,274
100908,M017,2026-01-12 12:18:00,zomato,8114884480,328
100909,M043,2026-01-12 14:24:00,swiggy,7024576923,284
100910,M037,2026-01-12 21:59:00,zomato,7949487095,900
100911,M009,2026-01-13 20:19:00,online,7932576258,720
100912,M011,2026-01-13 21:21:00,zomato,8488235481,872
100913,M020,2026-01-13 19:26:00,online,8846704959,657
100914,M028,2026-01-13 21:09:00,online,8267047935,763
100915,M033,2026-01-14 22:28:00,zomato,9777928702,513
100916,M003,2026-01-14 19:07:00,zomato,9301126836,709
100917,M002,2026-01-14 16:16:00,zomato,9681315573,299
100918,M019,2026-01-14 21:45:00,swiggy,9132995960,395
100919,M010,2026-01-14 12:42:00,zomato,7690869177,596
100920,M044,2026-01-14 21:54:00,walkin,9813598077,327
100921,M029,2026-01-14 14:03:00,online,8583702971,548
100922,M040,2026-01-14 22:30:00,swiggy,9914938093,400
100923,M008,2026-01-14 20:06:00,swiggy,9530646481,598
100924,M010,2026-01-15 14:03:00,online,9255682953,547
100925,M026,2026-01-15 14:04:00,zomato,8491771293,350
100926,M043,2026-01-15 19:39:00,zomato,8338254208,354
100927,M020,2026-01-15 14:30:00,online,8698872069,449
100928,M001,2026-01-15 22:06:00,zomato,9513687025,785
100929,M032,2026-01-15 15:13:00,swiggy,7194976153,359
100930,M003,2026-01-16 14:26:00,zomato,7912314807,310
100931,M004,2026-01-16 15:02:00,walkin,9012417961,337
100932,M027,2026-01-16 21:26:00,voice,8123716821,611
100933,M024,2026-01-16 21:30:00,swiggy,7752621248,1156
100934,M032,2026-01-16 21:28:00,zomato,9597651926,901
100935,M033,2026-01-16 14:05:00,swiggy,8291538932,431
100936,M047,2026-01-16 21:04:00,swiggy,7694143544,799
100937,M035,2026-01-16 21:40:00,online,7584480105,1061
100938,M014,2026-01-16 22:19:00,online,7406480121,1138
100939,M047,2026-01-16 19:26:00,swiggy,8028177448,732
100940,M047,2026-01-16 22:17:00,swiggy,7212642847,1024
100941,M039,2026-01-16 13:52:00,swiggy,7126255211,468
100942,M028,2026-01-16 12:22:00,swiggy,9204294648,351
100943,M019,2026-01-17 19:44:00,zomato,7491213182,1465
100944,M025,2026-01-17 21:08:00,zomato,7612805503,1455
100945,M005,2026-01-17 21:33:00,online,9820038392,606
100946,M014,2026-01-17 21:38:00,swiggy,8116836790,911
100947,M041,2026-01-17 15:30:00,online,9852839682,275
100948,M006,2026-01-17 13:28:00,swiggy,8263914829,344
100949,M039,2026-01-17 21:39:00,zomato,8643495293,881
100950,M038,2026-01-17 12:08:00,online,7498384230,450
100951,M037,2026-01-17 19:41:00,zomato,9031821043,1025
100952,M014,2026-01-17 20:25:00,swiggy,9183248897,827
100953,M043,2026-01-18 19:55:00,zomato,9565906756,1139
100954,M044,2026-01-18 19:25:00,online,7624665434,1107
100955,M040,2026-01-18 12:34:00,zomato,9154179924,424
100956,M003,2026-01-18 20:02:00,zomato,7430226186,1011
100957,M042,2026-01-18 21:49:00,online,8625459747,1143
100958,M006,2026-01-18 14:15:00,swiggy,8868478029,247
100959,M012,2026-01-18 14:07:00,zomato,8945401542,222
100960,M039,2026-01-18 16:11:00,zomato,8513179494,396
100961,M028,2026-01-18 22:26:00,swiggy,8504640158,1388
100962,M031,2026-01-18 13:05:00,zomato,9480717533,381
100963,M049,2026-01-18 19:59:00,swiggy,9812914155,1133
100964,M032,2026-01-18 13:38:00,zomato,7783403225,259
100965,M045,2026-01-18 20:04:00,swiggy,8175072013,1331
100966,M018,2026-01-18 21:24:00,swiggy,9469385978,799
100967,M028,2026-01-18 17:56:00,swiggy,8421721266,220
100968,M036,2026-01-19 19:17:00,swiggy,8223367248,472
100969,M043,2026-01-19 20:43:00,online,8459889812,784
100970,M028,2026-01-19 22:08:00,swiggy,9520776629,789
100971,M006,2026-01-19 19:45:00,swiggy,9726032102,527
100972,M046,2026-01-19 21:43:00,zomato,9558037349,812
100973,M014,2026-01-20 19:28:00,online,9102229975,841
100974,M042,2026-01-20 21:37:00,zomato,7239354709,349
100975,M029,2026-01-20 13:57:00,swiggy,7826107875,217
100976,M050,2026-01-20 22:11:00,zomato,8234272535,884
100977,M003,2026-01-21 12:18:00,swiggy,7958314350,265
100978,M007,2026-01-21 19:02:00,online,9236691705,328
100979,M024,2026-01-21 22:11:00,swiggy,9164083885,565
100980,M030,2026-01-21 14:23:00,walkin,8322336430,294
100981,M050,2026-01-21 21:55:00,zomato,9830605460,401
100982,M024,2026-01-21 21:58:00,online,8814511568,784
100983,M041,2026-01-21 22:12:00,zomato,9232968103,500
100984,M014,2026-01-21 13:41:00,swiggy,7790701218,247
100985,M027,2026-01-22 19:48:00,zomato,7474193244,604
100986,M010,2026-01-22 13:11:00,zomato,8639536131,298
100987,M004,2026-01-22 13:22:00,zomato,9864088786,226
100988,M002,2026-01-22 14:17:00,walkin,7720277096,253
100989,M023,2026-01-22 19:56:00,zomato,9627385469,628
100990,M046,2026-01-22 13:14:00,zomato,8928116507,285
100991,M037,2026-01-22 21:42:00,swiggy,7656586518,312
100992,M039,2026-01-23 21:47:00,swiggy,9366545385,720
100993,M007,2026-01-23 22:16:00,swiggy,7260625549,760
100994,M016,2026-01-23 15:59:00,swiggy,8766049038,372
100995,M002,2026-01-23 20:26:00,voice,7565454185,628
100996,M014,2026-01-23 14:26:00,zomato,9605984401,535
100997,M027,2026-01-23 13:32:00,zomato,8511601117,440
100998,M023,2026-01-23 20:38:00,swiggy,7257586285,763
100999,M021,2026-01-23 16:07:00,swiggy,8020076857,205
101000,M011,2026-01-23 12:12:00,zomato,9472561154,361
