order_item_id,order_id,item_id,quantity,selling_price,food_cost,profit
1,100001,I0849,1,346,116,230
2,100001,I0572,1,271,128,143
3,100002,I0002,2,194,66,128
4,100002,I0523,2,95,21,74
5,100003,I0979,3,270,114,156
6,100003,I0135,3,172,57,115
7,100004,I0520,3,566,215,351
8,100004,I0894,3,109,22,87
9,100005,I0090,3,330,102,228
10,100005,I0026,3,201,70,131
11,100005,I0230,1,320,97,223
12,100006,I0774,1,352,114,238
13,100006,I0766,1,236,79,157
14,100006,I0695,1,81,24,57
15,100007,I0801,3,271,113,158
16,100007,I0457,3,100,23,77
17,100007,I0580,2,76,20,56
18,100007,I0143,1,291,101,190
19,100008,I0915,1,580,239,341
20,100008,I0533,1,44,10,34
21,100009,I0498,3,114,33,81
22,100009,I0704,1,171,47,124
23,100010,I0780,1,293,133,160
24,100010,I0231,1,130,41,89
25,100010,I0043,2,50,11,39
26,100011,I0010,1,90,15,75
27,100011,I0608,1,204,93,111
28,100012,I0920,2,546,214,332
29,100012,I0945,2,100,15,85
30,100013,I0152,3,329,95,234
31,100013,I0954,3,212,74,138
32,100013,I0303,1,84,20,64
33,100014,I0917,3,239,64,175
34,100014,I0681,1,106,21,85
35,100015,I0313,3,107,24,83
36,100015,I0517,3,50,9,41
37,100016,I0459,3,151,31,120
38,100016,I0794,2,178,51,127
39,100017,I0426,2,138,38,100
40,100018,I0262,3,334,104,230
41,100018,I0895,1,141,36,105
42,100019,I0443,2,412,143,269
43,100019,I0588,2,219,76,143
44,100020,I0722,1,79,18,61
45,100020,I0248,1,148,36,112
46,100021,I0552,3,214,54,160
47,100021,I0168,1,148,49,99
48,100022,I0559,1,254,72,182
49,100022,I0648,1,140,38,102
50,100022,I0127,1,55,11,44
51,100023,I0753,1,78,22,56
52,100023,I0665,1,105,21,84
53,100024,I0727,3,378,144,234
54,100025,I0066,3,200,94,106
55,100025,I0644,3,64,17,47
56,100025,I0594,2,120,35,85
57,100026,I0980,2,256,106,150
58,100026,I0654,2,60,17,43
59,100026,I0532,2,71,14,57
60,100027,I0014,1,115,28,87
61,100027,I0334,1,80,26,54
62,100027,I0387,1,383,101,282
63,100027,I0076,2,305,114,191
64,100028,I0668,3,132,28,104
65,100028,I0349,3,125,25,100
66,100029,I0543,2,359,145,214
67,100029,I0665,2,105,21,84
68,100030,I0842,2,388,127,261
69,100030,I0397,2,143,43,100
70,100031,I0028,1,245,70,175
71,100031,I0370,1,212,64,148
72,100032,I0556,3,174,59,115
73,100032,I0364,1,548,243,305
74,100032,I0144,1,397,128,269
75,100033,I0116,1,239,78,161
76,100034,I0183,1,99,18,81
77,100034,I0838,2,154,74,80
78,100035,I0895,3,141,36,105
79,100035,I0742,1,106,27,79
80,100035,I0326,2,325,105,220
81,100035,I0597,1,285,78,207
82,100036,I0911,2,228,84,144
83,100036,I0413,2,289,132,157
84,100037,I0230,2,320,97,223
85,100038,I0849,3,346,116,230
86,100038,I0502,1,276,78,198
87,100038,I0312,2,282,140,142
88,100039,I0320,1,377,97,280
89,100039,I0444,1,113,44,69
90,100040,I0759,2,73,16,57
91,100040,I0127,2,55,11,44
92,100040,I0760,2,259,65,194
93,100041,I0274,3,154,51,103
94,100041,I0830,2,375,93,282
95,100041,I0955,1,433,135,298
96,100041,I0350,1,311,78,233
97,100042,I0497,3,44,7,37
98,100042,I0516,1,85,17,68
99,100042,I0440,2,549,246,303
100,100043,I0437,3,284,79,205
101,100043,I0042,1,455,171,284
102,100043,I0946,1,179,49,130
103,100044,I0140,3,390,153,237
104,100044,I0136,2,315,95,220
105,100045,I0979,2,270,114,156
106,100045,I0255,1,171,44,127
107,100046,I0746,2,462,161,301
108,100046,I0906,2,577,208,369
109,100047,I0884,3,335,102,233
110,100047,I0942,1,396,104,292
111,100047,I0549,2,57,15,42
112,100048,I0688,3,227,76,151
113,100048,I0986,2,596,232,364
114,100049,I0621,2,117,40,77
115,100050,I0226,2,200,62,138
116,100051,I0341,1,347,151,196
117,100051,I0628,1,121,27,94
118,100052,I0828,2,350,127,223
119,100052,I0705,2,150,24,126
120,100053,I0287,3,393,140,253
121,100053,I0191,1,170,50,120
122,100054,I0618,3,145,30,115
123,100054,I0832,3,43,6,37
124,100055,I0958,1,313,94,219
125,100055,I0980,2,256,106,150
126,100055,I0397,2,143,43,100
127,100056,I0564,1,201,69,132
128,100056,I0603,2,362,160,202
129,100056,I0392,2,260,118,142
130,100057,I0233,1,515,212,303
131,100057,I0691,1,143,27,116
132,100057,I0435,2,257,71,186
133,100058,I0847,2,158,37,121
134,100058,I0072,2,75,12,63
135,100059,I0947,3,243,67,176
136,100060,I0831,3,552,224,328
137,100060,I0988,3,39,8,31
138,100061,I0309,2,316,114,202
139,100061,I0013,1,265,72,193
140,100061,I0196,2,319,105,214
141,100062,I0183,1,99,18,81
142,100062,I0558,2,245,63,182
143,100062,I0874,2,240,100,140
144,100063,I0185,2,285,111,174
145,100063,I0251,2,443,147,296
146,100063,I0366,2,174,47,127
147,100064,I0666,1,248,74,174
148,100064,I0306,2,387,106,281
149,100065,I0264,1,61,19,42
150,100065,I0876,1,224,76,148
151,100066,I0133,3,137,34,103
152,100066,I0778,3,101,16,85
153,100066,I0294,2,141,29,112
154,100067,I0359,2,50,13,37
155,100067,I0329,2,193,55,138
156,100068,I0777,3,381,140,241
157,100068,I0596,1,224,77,147
158,100069,I0668,3,132,28,104
159,100069,I0005,3,82,14,68
160,100069,I0782,1,197,41,156
161,100070,I0371,2,333,149,184
162,100070,I0841,2,75,17,58
163,100071,I0543,3,359,145,214
164,100071,I0602,3,135,31,104
165,100072,I0691,2,143,27,116
166,100072,I0722,1,79,18,61
167,100072,I0435,1,257,71,186
168,100073,I0123,3,145,49,96
169,100074,I0813,1,66,18,48
170,100074,I0698,1,48,7,41
171,100074,I0146,2,135,28,107
172,100075,I0390,1,425,138,287
173,100075,I0212,2,297,85,212
174,100075,I0125,1,332,107,225
175,100076,I0579,2,281,91,190
176,100076,I0936,2,370,123,247
177,100076,I0516,2,85,17,68
178,100077,I0157,1,142,57,85
179,100077,I0145,1,132,43,89
180,100077,I0884,1,335,102,233
181,100078,I0468,2,111,33,78
182,100078,I0262,2,334,104,230
183,100078,I0742,1,106,27,79
184,100078,I0597,1,285,78,207
185,100079,I0210,2,72,20,52
186,100079,I0029,2,271,78,193
187,100080,I0267,1,125,23,102
188,100080,I0692,1,75,12,63
189,100081,I0498,1,114,33,81
190,100081,I0842,1,388,127,261
191,100081,I0654,1,60,17,43
192,100082,I0455,1,276,106,170
193,100082,I0550,1,85,13,72
194,100083,I0025,3,76,16,60
195,100083,I0705,3,150,24,126
196,100084,I0039,3,131,38,93
197,100084,I0664,3,30,6,24
198,100084,I0937,1,123,25,98
199,100085,I0690,3,67,15,52
200,100085,I0933,1,148,49,99
201,100085,I0236,2,156,42,114
202,100086,I0487,3,335,121,214
203,100086,I0418,3,96,16,80
204,100087,I0971,1,163,43,120
205,100087,I0910,2,124,30,94
206,100087,I0191,2,170,50,120
207,100087,I0287,2,393,140,253
208,100088,I0059,2,308,106,202
209,100088,I0210,1,72,20,52
210,100088,I0964,2,181,52,129
211,100089,I0976,1,110,35,75
212,100089,I0826,2,124,25,99
213,100089,I0990,2,275,88,187
214,100090,I0932,3,242,106,136
215,100090,I0175,1,62,12,50
216,100090,I0609,2,74,24,50
217,100091,I0724,3,166,54,112
218,100091,I0102,2,100,30,70
219,100091,I0631,2,280,95,185
220,100092,I0040,1,335,102,233
221,100092,I0778,2,101,16,85
222,100092,I0075,2,42,11,31
223,100093,I0823,1,426,173,253
224,100093,I0175,1,62,12,50
225,100093,I0226,2,200,62,138
226,100094,I0595,1,244,82,162
227,100094,I0722,2,79,18,61
228,100095,I0656,1,379,118,261
229,100095,I0445,1,180,56,124
230,100095,I0547,1,280,138,142
231,100096,I0025,1,76,16,60
232,100096,I0705,1,150,24,126
233,100097,I0119,1,364,117,247
234,100097,I0040,1,335,102,233
235,100097,I0133,2,137,34,103
236,100098,I0241,3,100,22,78
237,100098,I0265,1,531,233,298
238,100098,I0035,1,235,59,176
239,100098,I0738,1,205,70,135
240,100099,I0503,2,109,21,88
241,100099,I0634,1,356,118,238
242,100100,I0841,1,75,17,58
243,100100,I0646,2,57,13,44
244,100100,I0363,2,254,116,138
245,100101,I0134,2,146,30,116
246,100102,I0130,3,250,86,164
247,100102,I0985,1,85,17,68
248,100103,I0704,1,171,47,124
249,100103,I0842,1,388,127,261
250,100104,I0717,1,60,16,44
251,100104,I0961,1,372,138,234
252,100104,I0190,1,82,13,69
253,100105,I0444,2,113,44,69
254,100105,I0054,1,179,50,129
255,100106,I0734,3,281,130,151
256,100106,I0415,3,43,13,30
257,100106,I0268,2,46,11,35
258,100107,I0037,1,118,39,79
259,100107,I0259,1,223,59,164
260,100108,I0295,2,169,46,123
261,100108,I0122,2,385,145,240
262,100109,I0065,1,244,73,171
263,100109,I0710,2,126,32,94
264,100109,I0048,1,133,20,113
265,100110,I0503,1,109,21,88
266,100110,I0146,1,135,28,107
267,100111,I0281,3,252,87,165
268,100111,I0416,1,88,28,60
269,100111,I0770,2,156,31,125
270,100111,I0092,1,229,101,128
271,100112,I0550,1,85,13,72
272,100112,I0366,2,174,47,127
273,100112,I0208,1,173,47,126
274,100112,I0569,1,232,107,125
275,100113,I0882,3,215,44,171
276,100113,I0830,2,375,93,282
277,100113,I0350,2,311,78,233
278,100114,I0366,1,174,47,127
279,100114,I0739,1,252,80,172
280,100114,I0510,1,275,112,163
281,100115,I0736,3,139,46,93
282,100116,I0059,1,308,106,202
283,100117,I0868,2,94,19,75
284,100117,I0698,2,48,7,41
285,100118,I0400,1,138,23,115
286,100118,I0189,2,288,125,163
287,100118,I0364,1,548,243,305
288,100119,I0694,1,115,27,88
289,100119,I0033,1,148,39,109
290,100120,I0130,3,250,86,164
291,100120,I0379,2,472,198,274
292,100121,I0249,1,348,115,233
293,100121,I0371,1,333,149,184
294,100122,I0027,1,284,126,158
295,100122,I0220,1,175,56,119
296,100123,I0962,1,394,128,266
297,100123,I0039,2,131,38,93
298,100124,I0258,1,283,131,152
299,100124,I0202,1,155,44,111
300,100124,I0843,2,73,20,53
301,100125,I0991,3,193,61,132
302,100125,I0466,1,43,10,33
303,100126,I0628,3,121,27,94
304,100126,I0422,2,181,67,114
305,100126,I0820,1,281,76,205
306,100127,I0761,2,597,224,373
307,100127,I0349,2,125,25,100
308,100128,I0230,3,320,97,223
309,100128,I0579,2,281,91,190
310,100129,I0907,3,35,6,29
311,100129,I0938,2,497,172,325
312,100130,I0437,1,284,79,205
313,100130,I0952,1,238,111,127
314,100130,I0460,1,194,63,131
315,100131,I0135,1,172,57,115
316,100131,I0460,1,194,63,131
317,100132,I0080,2,442,174,268
318,100133,I0833,2,313,137,176
319,100133,I0175,2,62,12,50
320,100133,I0201,2,304,95,209
321,100134,I0962,3,394,128,266
322,100134,I0872,1,147,44,103
323,100135,I0558,2,245,63,182
324,100135,I0183,1,99,18,81
325,100135,I0975,2,169,47,122
326,100136,I0037,1,118,39,79
327,100136,I0030,1,514,198,316
328,100137,I0672,2,373,121,252
329,100137,I0009,1,64,19,45
330,100138,I0656,1,379,118,261
331,100138,I0353,2,161,47,114
332,100139,I0246,3,396,131,265
333,100140,I0802,1,345,117,228
334,100140,I0777,2,381,140,241
335,100141,I0101,2,168,44,124
336,100142,I0810,2,349,111,238
337,100142,I0961,2,372,138,234
338,100142,I0044,1,169,77,92
339,100143,I0416,3,88,28,60
340,100143,I0281,1,252,87,165
341,100143,I0428,2,129,31,98
342,100144,I0961,3,372,138,234
343,100144,I0717,2,60,16,44
344,100144,I0685,1,306,112,194
345,100145,I0049,3,333,110,223
346,100145,I0943,2,225,91,134
347,100146,I0884,3,335,102,233
348,100146,I0657,2,331,133,198
349,100147,I0690,2,67,15,52
350,100147,I0947,1,243,67,176
351,100147,I0236,1,156,42,114
352,100148,I0951,3,254,67,187
353,100149,I0558,1,245,63,182
354,100149,I0775,1,473,120,353
355,100150,I0796,3,441,163,278
356,100150,I0051,1,51,16,35
357,100151,I0059,1,308,106,202
358,100152,I0049,3,333,110,223
359,100153,I0677,2,103,30,73
360,100154,I0982,2,180,58,122
361,100154,I0877,2,335,115,220
362,100154,I0951,1,254,67,187
363,100155,I0810,2,349,111,238
364,100155,I0961,2,372,138,234
365,100156,I0478,2,197,55,142
366,100156,I0213,1,113,33,80
367,100157,I0655,1,94,23,71
368,100157,I0314,1,55,11,44
369,100157,I0398,1,130,58,72
370,100157,I0049,1,333,110,223
371,100158,I0468,1,111,33,78
372,100159,I0873,2,168,47,121
373,100159,I0722,2,79,18,61
374,100160,I0207,2,233,55,178
375,100160,I0775,2,473,120,353
376,100160,I0288,1,101,26,75
377,100161,I0027,3,284,126,158
378,100161,I0220,3,175,56,119
379,100162,I0087,2,171,76,95
380,100162,I0663,2,184,61,123
381,100162,I0248,1,148,36,112
382,100163,I0677,3,103,30,73
383,100164,I0427,2,90,21,69
384,100164,I0705,2,150,24,126
385,100164,I0805,1,206,101,105
386,100164,I0309,2,316,114,202
387,100165,I0382,3,398,159,239
388,100165,I0126,3,113,23,90
389,100165,I0342,1,197,54,143
390,100166,I0956,1,147,37,110
391,100166,I0628,1,121,27,94
392,100167,I0140,2,390,153,237
393,100167,I0867,1,158,33,125
394,100167,I0318,2,135,37,98
395,100168,I0428,3,129,31,98
396,100168,I0015,1,35,8,27
397,100168,I0003,1,357,122,235
398,100169,I0064,2,213,61,152
399,100170,I0028,1,245,70,175
400,100170,I0824,1,431,170,261
401,100171,I0657,3,331,133,198
402,100171,I0643,3,71,14,57
403,100171,I0145,1,132,43,89
404,100172,I0842,2,388,127,261
405,100172,I0980,2,256,106,150
406,100173,I0313,2,107,24,83
407,100173,I0517,2,50,9,41
408,100174,I0238,1,238,111,127
409,100174,I0334,1,80,26,54
410,100175,I0436,3,232,56,176
411,100176,I0821,2,202,65,137
412,100176,I0299,2,227,67,160
413,100176,I0243,2,275,85,190
414,100176,I0841,1,75,17,58
415,100177,I0798,3,403,152,251
416,100177,I0545,1,85,23,62
417,100177,I0124,2,238,60,178
418,100178,I0556,1,174,59,115
419,100178,I0004,1,62,18,44
420,100179,I0505,1,202,70,132
421,100179,I0676,1,190,89,101
422,100180,I0501,1,304,107,197
423,100181,I0873,1,168,47,121
424,100181,I0972,1,252,82,170
425,100181,I0691,2,143,27,116
426,100182,I0511,1,336,86,250
427,100182,I0433,2,159,61,98
428,100183,I0865,3,203,59,144
429,100183,I0409,2,98,28,70
430,100184,I0382,3,398,159,239
431,100184,I0843,1,73,20,53
432,100184,I0789,2,306,94,212
433,100185,I0139,3,206,67,139
434,100185,I0811,1,90,16,74
435,100186,I0936,2,370,123,247
436,100187,I0074,2,79,12,67
437,100187,I0629,2,579,248,331
438,100187,I0825,1,173,48,125
439,100187,I0377,2,598,234,364
440,100188,I0883,3,211,59,152
441,100189,I0171,2,284,129,155
442,100189,I0667,2,138,40,98
443,100189,I0433,2,159,61,98
444,100190,I0199,1,295,125,170
445,100190,I0497,1,44,7,37
446,100191,I0946,3,179,49,130
447,100191,I0542,3,65,11,54
448,100192,I0583,2,53,10,43
449,100192,I0333,1,278,122,156
450,100193,I0432,1,294,87,207
451,100193,I0568,2,88,25,63
452,100193,I0792,1,194,86,108
453,100193,I0649,2,249,78,171
454,100194,I0165,2,410,104,306
455,100194,I0546,2,291,91,200
456,100194,I0333,2,278,122,156
457,100195,I0001,3,204,51,153
458,100195,I0248,1,148,36,112
459,100195,I0233,1,515,212,303
460,100195,I0722,1,79,18,61
461,100196,I0501,3,304,107,197
462,100197,I0460,3,194,63,131
463,100198,I0852,3,286,98,188
464,100198,I0876,3,224,76,148
465,100198,I0264,2,61,19,42
466,100199,I0647,1,178,44,134
467,100199,I0609,1,74,24,50
468,100199,I0198,2,572,252,320
469,100199,I0226,1,200,62,138
470,100200,I0655,1,94,23,71
471,100200,I0314,1,55,11,44
472,100200,I0256,2,95,28,67
473,100201,I0905,2,340,96,244
474,100201,I0731,2,316,116,200
475,100202,I0201,2,304,95,209
476,100202,I0632,2,216,60,156
477,100203,I0724,2,166,54,112
478,100203,I0753,1,78,22,56
479,100203,I0645,2,310,89,221
480,100204,I0466,3,43,10,33
481,100205,I0711,2,175,57,118
482,100205,I0423,2,219,64,155
483,100205,I0094,2,141,32,109
484,100205,I0334,1,80,26,54
485,100206,I0516,3,85,17,68
486,100206,I0179,2,105,26,79
487,100207,I0802,1,345,117,228
488,100208,I0013,3,265,72,193
489,100208,I0309,3,316,114,202
490,100208,I0828,2,350,127,223
491,100209,I0374,2,87,21,66
492,100209,I0883,2,211,59,152
493,100210,I0152,2,329,95,234
494,100210,I0954,2,212,74,138
495,100210,I0312,2,282,140,142
496,100211,I0228,3,65,22,43
497,100211,I0203,1,363,124,239
498,100212,I0133,1,137,34,103
499,100212,I0294,1,141,29,112
500,100213,I0673,2,83,15,68
501,100214,I0371,2,333,149,184
502,100214,I0646,2,57,13,44
503,100214,I0363,1,254,116,138
504,100215,I0232,1,89,23,66
505,100215,I0019,1,361,157,204
506,100216,I0497,3,44,7,37
507,100216,I0199,1,295,125,170
508,100217,I0853,2,276,99,177
509,100217,I0466,2,43,10,33
510,100218,I0151,2,150,32,118
511,100218,I0383,1,295,132,163
512,100218,I0605,2,134,32,102
513,100219,I0314,2,55,11,44
514,100219,I0518,1,90,25,65
515,100220,I0295,2,169,46,123
516,100220,I0628,1,121,27,94
517,100220,I0956,2,147,37,110
518,100221,I0916,1,253,98,155
519,100221,I0705,1,150,24,126
520,100222,I0852,3,286,98,188
521,100222,I0675,2,30,4,26
522,100223,I0774,1,352,114,238
523,100223,I0766,1,236,79,157
524,100224,I0034,1,182,61,121
525,100224,I0741,1,569,251,318
526,100225,I0102,1,100,30,70
527,100225,I0949,1,91,21,70
528,100225,I0543,2,359,145,214
529,100226,I0257,1,139,30,109
530,100226,I0605,1,134,32,102
531,100227,I0800,3,110,36,74
532,100227,I0827,1,167,37,130
533,100228,I0980,2,256,106,150
534,100228,I0708,2,170,55,115
535,100228,I0958,2,313,94,219
536,100229,I0479,1,224,60,164
537,100229,I0473,1,305,103,202
538,100230,I0706,1,247,66,181
539,100230,I0049,2,333,110,223
540,100230,I0441,1,216,83,133
541,100231,I0079,1,89,24,65
542,100231,I0664,1,30,6,24
543,100232,I0717,1,60,16,44
544,100232,I0810,2,349,111,238
545,100232,I0685,1,306,112,194
546,100233,I0778,2,101,16,85
547,100233,I0034,2,182,61,121
548,100234,I0391,2,43,14,29
549,100234,I0143,2,291,101,190
550,100235,I0854,3,62,11,51
551,100235,I0176,2,324,121,203
552,100236,I0137,2,93,27,66
553,100236,I0646,2,57,13,44
554,100237,I0795,3,354,139,215
555,100238,I0291,2,46,10,36
556,100238,I0509,2,122,34,88
557,100239,I0827,1,167,37,130
558,100239,I0584,1,142,24,118
559,100240,I0270,2,69,21,48
560,100241,I0055,1,254,85,169
561,100242,I0636,3,256,75,181
562,100242,I0019,1,361,157,204
563,100243,I0734,1,281,130,151
564,100243,I0415,1,43,13,30
565,100243,I0281,1,252,87,165
566,100244,I0160,2,66,14,52
567,100244,I0515,1,178,57,121
568,100245,I0190,3,82,13,69
569,100245,I0240,1,500,192,308
570,100246,I0027,2,284,126,158
571,100246,I0426,2,138,38,100
572,100247,I0946,1,179,49,130
573,100247,I0542,1,65,11,54
574,100247,I0006,1,31,4,27
575,100247,I0135,1,172,57,115
576,100248,I0670,1,410,149,261
577,100248,I0401,1,129,28,101
578,100248,I0384,2,163,47,116
579,100248,I0526,1,144,38,106
580,100249,I0865,2,203,59,144
581,100249,I0528,2,148,36,112
582,100250,I0050,1,284,137,147
583,100250,I0748,1,62,16,46
584,100250,I0316,2,131,38,93
585,100251,I0729,1,174,70,104
586,100251,I0650,1,161,43,118
587,100252,I0605,2,134,32,102
588,100253,I0647,2,178,44,134
589,100253,I0932,1,242,106,136
590,100254,I0371,2,333,149,184
591,100254,I0646,2,57,13,44
592,100255,I0788,3,172,52,120
593,100255,I0333,1,278,122,156
594,100256,I0715,2,545,226,319
595,100256,I0889,2,99,20,79
596,100257,I0066,2,200,94,106
597,100257,I0228,2,65,22,43
598,100257,I0203,2,363,124,239
599,100257,I0223,2,208,60,148
600,100258,I0134,3,146,30,116
601,100259,I0532,2,71,14,57
602,100260,I0634,1,356,118,238
603,100260,I0911,1,228,84,144
604,100261,I0156,1,69,15,54
605,100261,I0624,1,103,20,83
606,100262,I0859,1,210,67,143
607,100262,I0046,2,75,16,59
608,100262,I0023,1,87,22,65
609,100263,I0721,1,296,123,173
610,100263,I0982,1,180,58,122
611,100263,I0392,1,260,118,142
612,100264,I0059,3,308,106,202
613,100264,I0210,2,72,20,52
614,100265,I0340,1,320,98,222
615,100265,I0023,2,87,22,65
616,100265,I0859,2,210,67,143
617,100266,I0229,3,153,30,123
618,100266,I0497,3,44,7,37
619,100266,I0230,2,320,97,223
620,100266,I0026,1,201,70,131
621,100267,I0902,2,517,191,326
622,100267,I0603,1,362,160,202
623,100267,I0951,1,254,67,187
624,100268,I0596,2,224,77,147
625,100268,I0777,2,381,140,241
626,100268,I0293,2,83,23,60
627,100268,I0115,2,563,240,323
628,100269,I0685,2,306,112,194
629,100270,I0657,3,331,133,198
630,100270,I0829,1,157,48,109
631,100270,I0592,1,318,105,213
632,100271,I0715,1,545,226,319
633,100271,I0542,1,65,11,54
634,100271,I0952,2,238,111,127
635,100272,I0638,3,346,96,250
636,100272,I0306,1,387,106,281
637,100273,I0659,1,60,16,44
638,100273,I0952,1,238,111,127
639,100274,I0868,2,94,19,75
640,100274,I0698,2,48,7,41
641,100274,I0924,1,582,226,356
642,100274,I0484,1,104,26,78
643,100275,I0775,1,473,120,353
644,100275,I0207,1,233,55,178
645,100275,I0874,2,240,100,140
646,100276,I0218,2,143,70,73
647,100276,I0051,2,51,16,35
648,100277,I0851,2,131,27,104
649,100278,I0737,3,291,92,199
650,100279,I0585,2,217,106,111
651,100279,I0864,2,76,25,51
652,100279,I0730,2,99,25,74
653,100279,I0527,1,112,33,79
654,100280,I0374,2,87,21,66
655,100280,I0780,2,293,133,160
656,100281,I0920,2,546,214,332
657,100281,I0945,2,100,15,85
658,100281,I0317,2,232,58,174
659,100282,I0516,2,85,17,68
660,100283,I0729,2,174,70,104
661,100283,I0678,2,192,66,126
662,100284,I0634,3,356,118,238
663,100284,I0153,3,205,65,140
664,100284,I0735,2,336,127,209
665,100284,I0927,2,186,80,106
666,100285,I0423,2,219,64,155
667,100285,I0998,1,575,251,324
668,100286,I0804,1,236,72,164
669,100286,I0040,1,335,102,233
670,100286,I0935,1,400,174,226
671,100287,I0258,1,283,131,152
672,100287,I0202,1,155,44,111
673,100287,I0447,2,93,16,77
674,100288,I0662,1,174,74,100
675,100289,I0380,2,117,28,89
676,100289,I0906,1,577,208,369
677,100290,I0227,2,190,39,151
678,100290,I0539,1,76,16,60
679,100290,I0362,2,113,26,87
680,100291,I0333,1,278,122,156
681,100291,I0583,1,53,10,43
682,100291,I0607,1,71,13,58
683,100291,I0792,1,194,86,108
684,100292,I0259,2,223,59,164
685,100292,I0212,1,297,85,212
686,100292,I0345,1,268,89,179
687,100293,I0648,2,140,38,102
688,100293,I0794,1,178,51,127
689,100294,I0729,2,174,70,104
690,100294,I0396,2,139,48,91
691,100294,I0436,1,232,56,176
692,100295,I0427,2,90,21,69
693,100295,I0705,2,150,24,126
694,100296,I0248,3,148,36,112
695,100297,I0433,2,159,61,98
696,100297,I0667,2,138,40,98
697,100298,I0783,1,245,73,172
698,100298,I0505,2,202,70,132
699,100299,I0618,2,145,30,115
700,100299,I0304,2,130,27,103
701,100300,I0884,1,335,102,233
702,100300,I0907,2,35,6,29
703,100301,I0591,2,117,21,96
704,100301,I0543,2,359,145,214
705,100302,I0441,3,216,83,133
706,100302,I0314,1,55,11,44
707,100302,I0256,2,95,28,67
708,100303,I0430,2,74,16,58
709,100303,I0582,2,37,6,31
710,100303,I0951,2,254,67,187
711,100304,I0158,2,468,157,311
712,100304,I0449,2,37,9,28
713,100304,I0515,1,178,57,121
714,100304,I0993,2,93,15,78
715,100305,I0860,2,329,120,209
716,100305,I0675,2,30,4,26
717,100305,I0988,1,39,8,31
718,100305,I0522,2,183,39,144
719,100306,I0523,2,95,21,74
720,100306,I0858,2,63,15,48
721,100307,I0852,2,286,98,188
722,100307,I0876,2,224,76,148
723,100307,I0105,1,84,24,60
724,100307,I0860,2,329,120,209
725,100308,I0546,1,291,91,200
726,100309,I0311,3,124,28,96
727,100309,I0053,2,340,93,247
728,100309,I0684,1,293,91,202
729,100310,I0002,3,194,66,128
730,100311,I0917,1,239,64,175
731,100311,I0419,2,131,29,102
732,100311,I0883,1,211,59,152
733,100311,I0495,1,593,262,331
734,100312,I0817,2,413,107,306
735,100312,I0106,2,367,134,233
736,100313,I0537,1,130,59,71
737,100313,I0287,1,393,140,253
738,100314,I0581,1,73,17,56
739,100314,I0419,1,131,29,102
740,100314,I0509,1,122,34,88
741,100315,I0298,2,303,120,183
742,100315,I0899,2,132,23,109
743,100316,I0384,2,163,47,116
744,100316,I0401,2,129,28,101
745,100316,I0670,2,410,149,261
746,100317,I0438,3,279,74,205
747,100318,I0948,2,95,21,74
748,100318,I0550,2,85,13,72
749,100319,I0424,1,154,52,102
750,100320,I0539,3,76,16,60
751,100320,I0438,1,279,74,205
752,100321,I0710,1,126,32,94
753,100321,I0155,2,317,136,181
754,100322,I0214,2,423,147,276
755,100322,I0990,2,275,88,187
756,100323,I0392,1,260,118,142
757,100323,I0934,1,155,50,105
758,100324,I0964,3,181,52,129
759,100324,I0210,1,72,20,52
760,100324,I0059,2,308,106,202
761,100325,I0119,3,364,117,247
762,100325,I0935,2,400,174,226
763,100326,I0621,3,117,40,77
764,100326,I0243,2,275,85,190
765,100326,I0702,1,241,101,140
766,100327,I0720,3,130,28,102
767,100328,I0029,2,271,78,193
768,100328,I0059,2,308,106,202
769,100329,I0242,3,545,198,347
770,100329,I0517,3,50,9,41
771,100330,I0105,1,84,24,60
772,100330,I0480,1,444,167,277
773,100330,I0852,2,286,98,188
774,100331,I0099,2,275,97,178
775,100331,I0859,2,210,67,143
776,100332,I0570,1,277,83,194
777,100332,I0616,1,158,60,98
778,100333,I0366,1,174,47,127
779,100333,I0687,2,455,142,313
780,100333,I0510,1,275,112,163
781,100334,I0401,1,129,28,101
782,100334,I0589,1,376,167,209
783,100335,I0533,2,44,10,34
784,100335,I0930,2,267,105,162
785,100336,I0243,2,275,85,190
786,100336,I0325,1,176,37,139
787,100336,I0371,2,333,149,184
788,100337,I0628,2,121,27,94
789,100337,I0422,1,181,67,114
790,100338,I0946,1,179,49,130
791,100338,I0006,1,31,4,27
792,100339,I0345,3,268,89,179
793,100339,I0037,1,118,39,79
794,100339,I0131,2,239,72,167
795,100339,I0668,1,132,28,104
796,100340,I0186,2,304,127,177
797,100340,I0994,2,74,11,63
798,100340,I0558,2,245,63,182
799,100341,I0951,1,254,67,187
800,100341,I0902,1,517,191,326
801,100342,I0657,2,331,133,198
802,100342,I0907,2,35,6,29
803,100343,I0618,1,145,30,115
804,100343,I0832,1,43,6,37
805,100343,I0851,1,131,27,104
806,100344,I0144,2,397,128,269
807,100344,I0556,2,174,59,115
808,100344,I0056,1,194,44,150
809,100345,I0946,2,179,49,130
810,100345,I0542,2,65,11,54
811,100345,I0460,1,194,63,131
812,100346,I0568,1,88,25,63
813,100346,I0607,1,71,13,58
814,100346,I0501,1,304,107,197
815,100347,I0221,3,137,43,94
816,100347,I0109,2,140,30,110
817,100347,I0657,2,331,133,198
818,100348,I0231,2,130,41,89
819,100348,I0883,1,211,59,152
820,100349,I0313,3,107,24,83
821,100349,I0517,3,50,9,41
822,100350,I0744,1,206,57,149
823,100351,I0754,3,98,31,67
824,100351,I0261,2,380,97,283
825,100352,I0984,2,143,47,96
826,100352,I0864,1,76,25,51
827,100352,I0871,1,103,24,79
828,100352,I0890,2,96,22,74
829,100353,I0667,1,138,40,98
830,100353,I0433,1,159,61,98
831,100353,I0618,1,145,30,115
832,100354,I0575,1,123,41,82
833,100354,I0372,2,135,27,108
834,100354,I0057,1,149,40,109
835,100355,I0561,2,344,105,239
836,100355,I0006,2,31,4,27
837,100355,I0946,2,179,49,130
838,100356,I0614,3,227,56,171
839,100356,I0688,1,227,76,151
840,100357,I0881,3,96,32,64
841,100357,I0759,2,73,16,57
842,100358,I0998,2,575,251,324
843,100358,I0811,2,90,16,74
844,100359,I0433,2,159,61,98
845,100359,I0108,1,405,139,266
846,100359,I0618,1,145,30,115
847,100360,I0213,1,113,33,80
848,100360,I0824,2,431,170,261
849,100361,I0495,2,593,262,331
850,100361,I0231,2,130,41,89
851,100362,I0432,2,294,87,207
852,100362,I0649,1,249,78,171
853,100363,I0190,2,82,13,69
854,100363,I0357,2,144,71,73
855,100364,I0808,3,110,27,83
856,100364,I0249,1,348,115,233
857,100364,I0243,2,275,85,190
858,100365,I0366,3,174,47,127
859,100365,I0578,1,91,19,72
860,100366,I0705,3,150,24,126
861,100366,I0519,2,365,109,256
862,100367,I0231,1,130,41,89
863,100367,I0723,2,390,144,246
864,100367,I0291,2,46,10,36
865,100367,I0883,2,211,59,152
866,100368,I0670,3,410,149,261
867,100369,I0894,3,109,22,87
868,100369,I0676,2,190,89,101
869,100370,I0022,3,131,64,67
870,100371,I0702,1,241,101,140
871,100371,I0577,1,69,19,50
872,100372,I0265,1,531,233,298
873,100372,I0241,1,100,22,78
874,100372,I0176,2,324,121,203
875,100373,I0921,3,227,72,155
876,100373,I0595,3,244,82,162
877,100374,I0258,2,283,131,152
878,100374,I0875,2,421,138,283
879,100374,I0637,1,434,134,300
880,100375,I0763,2,215,70,145
881,100375,I0184,2,423,158,265
882,100375,I0332,2,329,132,197
883,100376,I0049,1,333,110,223
884,100376,I0398,2,130,58,72
885,100377,I0102,2,100,30,70
886,100377,I0631,2,280,95,185
887,100378,I0240,3,500,192,308
888,100378,I0190,3,82,13,69
889,100378,I0779,1,171,54,117
890,100379,I0564,2,201,69,132
891,100380,I0190,1,82,13,69
892,100380,I0240,2,500,192,308
893,100381,I0775,3,473,120,353
894,100381,I0558,1,245,63,182
895,100381,I0288,2,101,26,75
896,100381,I0677,1,103,30,73
897,100382,I0789,1,306,94,212
898,100382,I0843,1,73,20,53
899,100383,I0774,1,352,114,238
900,100383,I0766,1,236,79,157
901,100384,I0257,3,139,30,109
902,100384,I0605,3,134,32,102
903,100385,I0843,1,73,20,53
904,100385,I0338,1,111,20,91
905,100386,I0441,2,216,83,133
906,100387,I0365,2,303,101,202
907,100387,I0018,2,280,130,150
908,100387,I0446,1,157,75,82
909,100387,I0156,1,69,15,54
910,100388,I0424,2,154,52,102
911,100388,I0335,1,62,17,45
912,100388,I0682,2,86,21,65
913,100388,I0839,1,143,35,108
914,100389,I0230,3,320,97,223
915,100389,I0567,2,128,31,97
916,100389,I0579,1,281,91,190
917,100390,I0004,2,62,18,44
918,100390,I0624,2,103,20,83
919,100390,I0414,2,357,139,218
920,100391,I0297,3,159,33,126
921,100392,I0980,1,256,106,150
922,100392,I0960,1,142,43,99
923,100392,I0958,2,313,94,219
924,100392,I0397,2,143,43,100
925,100393,I0220,1,175,56,119
926,100393,I0027,1,284,126,158
927,100394,I0606,2,372,147,225
928,100394,I0794,1,178,51,127
929,100394,I0127,1,55,11,44
930,100395,I0322,1,86,20,66
931,100395,I0855,1,309,103,206
932,100395,I0622,1,337,92,245
933,100396,I0081,1,92,29,63
934,100397,I0840,1,158,36,122
935,100397,I0957,1,83,14,69
936,100398,I0008,3,85,18,67
937,100399,I0077,3,178,36,142
938,100399,I0605,3,134,32,102
939,100400,I0057,1,149,40,109
940,100400,I0015,1,35,8,27
941,100400,I0281,2,252,87,165
942,100401,I0404,1,94,27,67
943,100401,I0946,2,179,49,130
944,100402,I0130,3,250,86,164
945,100402,I0985,2,85,17,68
946,100403,I0467,1,440,185,255
947,100403,I0539,1,76,16,60
948,100404,I0594,1,120,35,85
949,100404,I0429,1,133,24,109
950,100404,I0296,2,198,61,137
951,100405,I0156,2,69,15,54
952,100405,I0400,2,138,23,115
953,100405,I0050,2,284,137,147
954,100406,I0382,1,398,159,239
955,100406,I0235,1,141,23,118
956,100406,I0289,1,262,93,169
957,100407,I0420,1,533,201,332
958,100407,I0175,1,62,12,50
959,100407,I0198,1,572,252,320
960,100407,I0226,1,200,62,138
961,100408,I0688,2,227,76,151
962,100408,I0106,2,367,134,233
963,100409,I0802,1,345,117,228
964,100409,I0846,2,160,44,116
965,100409,I0104,1,128,32,96
966,100410,I0167,3,246,76,170
967,100410,I0507,1,594,221,373
968,100411,I0510,2,275,112,163
969,100411,I0208,2,173,47,126
970,100411,I0569,1,232,107,125
971,100412,I0231,1,130,41,89
972,100412,I0535,1,157,43,114
973,100412,I0493,1,333,93,240
974,100413,I0127,3,55,11,44
975,100413,I0459,2,151,31,120
976,100414,I0319,1,125,39,86
977,100414,I0439,2,86,24,62
978,100414,I0468,2,111,33,78
979,100415,I0483,1,97,25,72
980,100415,I0490,2,111,33,78
981,100416,I0789,3,306,94,212
982,100416,I0456,1,234,65,169
983,100417,I0164,3,106,23,83
984,100417,I0069,3,142,34,108
985,100418,I0934,3,155,50,105
986,100418,I0726,2,361,131,230
987,100418,I0430,2,74,16,58
988,100419,I0668,2,132,28,104
989,100419,I0345,2,268,89,179
990,100420,I0130,2,250,86,164
991,100421,I0190,2,82,13,69
992,100421,I0450,1,411,184,227
993,100422,I0260,2,283,81,202
994,100423,I0102,3,100,30,70
995,100423,I0543,2,359,145,214
996,100424,I0114,2,197,93,104
997,100424,I0068,2,293,78,215
998,100425,I0014,2,115,28,87
999,100426,I0670,3,410,149,261
1000,100426,I0008,1,85,18,67
1001,100426,I0384,2,163,47,116
1002,100427,I0851,1,131,27,104
1003,100427,I0433,1,159,61,98
1004,100427,I0304,1,130,27,103
1005,100428,I0969,2,277,86,191
1006,100428,I0727,2,378,144,234
1007,100429,I0281,2,252,87,165
1008,100429,I0003,1,357,122,235
1009,100429,I0734,2,281,130,151
1010,100430,I0102,2,100,30,70
1011,100430,I0724,1,166,54,112
1012,100431,I0076,3,305,114,191
1013,100431,I0811,3,90,16,74
1014,100431,I0368,1,112,30,82
1015,100432,I0149,3,334,121,213
1016,100432,I0482,2,295,122,173
1017,100432,I0065,1,244,73,171
1018,100432,I0552,2,214,54,160
1019,100433,I0999,2,245,68,177
1020,100433,I0099,2,275,97,178
1021,100434,I0386,1,146,38,108
1022,100434,I0418,1,96,16,80
1023,100434,I0510,2,275,112,163
1024,100435,I0728,3,180,36,144
1025,100435,I0188,3,82,16,66
1026,100435,I0090,1,330,102,228
1027,100436,I0998,1,575,251,324
1028,100436,I0014,1,115,28,87
1029,100436,I0696,1,239,97,142
1030,100437,I0546,3,291,91,200
1031,100437,I0792,2,194,86,108
1032,100437,I0333,1,278,122,156
1033,100438,I0055,2,254,85,169
1034,100438,I0666,1,248,74,174
1035,100438,I0589,1,376,167,209
1036,100438,I0337,1,79,21,58
1037,100439,I0059,2,308,106,202
1038,100440,I0512,1,160,69,91
1039,100440,I0710,1,126,32,94
1040,100440,I0065,1,244,73,171
1041,100440,I0048,1,133,20,113
1042,100441,I0428,2,129,31,98
1043,100442,I0893,3,401,115,286
1044,100442,I0793,3,366,131,235
1045,100443,I0760,3,259,65,194
1046,100443,I0375,3,371,147,224
1047,100443,I0759,1,73,16,57
1048,100443,I0881,2,96,32,64
1049,100444,I0247,1,111,30,81
1050,100444,I0314,1,55,11,44
1051,100444,I0049,2,333,110,223
1052,100445,I0356,2,182,82,100
1053,100445,I0667,2,138,40,98
1054,100446,I0071,1,383,140,243
1055,100446,I0523,1,95,21,74
1056,100446,I0002,1,194,66,128
1057,100446,I0228,2,65,22,43
1058,100447,I0152,2,329,95,234
1059,100447,I0954,2,212,74,138
1060,100448,I0760,2,259,65,194
1061,100448,I0881,2,96,32,64
1062,100449,I0133,2,137,34,103
1063,100449,I0294,2,141,29,112
1064,100450,I0565,1,187,52,135
1065,100451,I0678,3,192,66,126
1066,100451,I0333,2,278,122,156
1067,100451,I0649,2,249,78,171
1068,100452,I0778,1,101,16,85
1069,100452,I0034,1,182,61,121
1070,100453,I0883,1,211,59,152
1071,100453,I0493,1,333,93,240
1072,100453,I0389,2,427,179,248
1073,100454,I0695,2,81,24,57
1074,100454,I0242,1,545,198,347
1075,100454,I0313,1,107,24,83
1076,100455,I0645,2,310,89,221
1077,100455,I0949,1,91,21,70
1078,100455,I0631,1,280,95,185
1079,100456,I0075,3,42,11,31
1080,100456,I0935,1,400,174,226
1081,100456,I0294,2,141,29,112
1082,100457,I0027,1,284,126,158
1083,100457,I0466,2,43,10,33
1084,100458,I0657,3,331,133,198
1085,100458,I0680,3,94,14,80
1086,100459,I0366,2,174,47,127
1087,100459,I0399,1,72,20,52
1088,100459,I0550,1,85,13,72
1089,100460,I0138,2,267,125,142
1090,100460,I0700,2,91,29,62
1091,100460,I0774,1,352,114,238
1092,100461,I0664,2,30,6,24
1093,100461,I0298,1,303,120,183
1094,100462,I0411,2,359,125,234
1095,100462,I0121,1,455,182,273
1096,100463,I0827,3,167,37,130
1097,100463,I0584,3,142,24,118
1098,100464,I0596,3,224,77,147
1099,100465,I0909,2,63,11,52
1100,100466,I0253,2,227,63,164
1101,100466,I0731,2,316,116,200
1102,100466,I0027,1,284,126,158
1103,100467,I0459,2,151,31,120
1104,100467,I0127,1,55,11,44
1105,100467,I0881,2,96,32,64
1106,100467,I0648,1,140,38,102
1107,100468,I0707,2,137,47,90
1108,100468,I0355,2,329,142,187
1109,100468,I0772,2,479,123,356
1110,100469,I0143,3,291,101,190
1111,100469,I0758,3,118,35,83
1112,100469,I0318,1,135,37,98
1113,100470,I0383,1,295,132,163
1114,100470,I0605,1,134,32,102
1115,100470,I0033,2,148,39,109
1116,100471,I0402,3,166,44,122
1117,100471,I0852,1,286,98,188
1118,100471,I0169,1,425,144,281
1119,100472,I0876,2,224,76,148
1120,100472,I0264,2,61,19,42
1121,100472,I0320,2,377,97,280
1122,100473,I0579,1,281,91,190
1123,100473,I0936,1,370,123,247
1124,100473,I0807,1,116,31,85
1125,100474,I0648,2,140,38,102
1126,100474,I0759,1,73,16,57
1127,100475,I0946,1,179,49,130
1128,100475,I0006,1,31,4,27
1129,100476,I0040,3,335,102,233
1130,100476,I0804,2,236,72,164
1131,100477,I0370,3,212,64,148
1132,100478,I0516,2,85,17,68
1133,100478,I0497,1,44,7,37
1134,100479,I0951,1,254,67,187
1135,100479,I0726,1,361,131,230
1136,100480,I0913,3,308,96,212
1137,100480,I0287,1,393,140,253
1138,100480,I0499,1,45,10,35
1139,100480,I0971,1,163,43,120
1140,100481,I0256,2,95,28,67
1141,100481,I0837,2,138,35,103
1142,100482,I0764,2,173,44,129
1143,100482,I0494,2,241,83,158
1144,100482,I0439,2,86,24,62
1145,100483,I0609,1,74,24,50
1146,100483,I0175,2,62,12,50
1147,100483,I0226,1,200,62,138
1148,100484,I0777,1,381,140,241
1149,100484,I0802,2,345,117,228
1150,100484,I0596,1,224,77,147
1151,100485,I0382,1,398,159,239
1152,100485,I0447,1,93,16,77
1153,100485,I0789,2,306,94,212
1154,100486,I0972,1,252,82,170
1155,100486,I0869,2,318,114,204
1156,100486,I0248,1,148,36,112
1157,100486,I0727,1,378,144,234
1158,100487,I0003,2,357,122,235
1159,100488,I0244,1,256,93,163
1160,100488,I0523,1,95,21,74
1161,100489,I0698,3,48,7,41
1162,100490,I0609,1,74,24,50
1163,100490,I0632,1,216,60,156
1164,100491,I0883,2,211,59,152
1165,100491,I0509,2,122,34,88
1166,100492,I0461,3,204,69,135
1167,100492,I0524,2,274,121,153
1168,100492,I0074,2,79,12,67
1169,100493,I0579,1,281,91,190
1170,100493,I0090,2,330,102,228
1171,100493,I0331,2,174,47,127
1172,100494,I0500,2,256,85,171
1173,100494,I0353,1,161,47,114
1174,100494,I0410,1,175,35,140
1175,100494,I0850,1,133,36,97
1176,100495,I0929,1,92,23,69
1177,100495,I0698,1,48,7,41
1178,100496,I0986,3,596,232,364
1179,100497,I0362,1,113,26,87
1180,100497,I0381,1,302,79,223
1181,100498,I0112,2,148,48,100
1182,100498,I0570,1,277,83,194
1183,100499,I0501,1,304,107,197
1184,100499,I0436,1,232,56,176
1185,100499,I0333,2,278,122,156
1186,100500,I0304,1,130,27,103
1187,100501,I0307,1,95,19,76
1188,100501,I0947,1,243,67,176
1189,100502,I0596,3,224,77,147
1190,100502,I0846,2,160,44,116
1191,100503,I0023,2,87,22,65
1192,100503,I0073,2,82,26,56
1193,100503,I0099,2,275,97,178
1194,100504,I0381,3,302,79,223
1195,100504,I0714,1,337,86,251
1196,100505,I0832,2,43,6,37
1197,100505,I0472,2,167,35,132
1198,100506,I0873,1,168,47,121
1199,100506,I0087,1,171,76,95
1200,100506,I0248,2,148,36,112
1201,100507,I0388,3,263,81,182
1202,100507,I0507,1,594,221,373
1203,100507,I0790,2,498,202,296
1204,100508,I0648,3,140,38,102
1205,100509,I0262,3,334,104,230
1206,100509,I0597,1,285,78,207
1207,100509,I0997,2,124,26,98
1208,100509,I0764,1,173,44,129
1209,100510,I0630,3,241,50,191
1210,100510,I0939,2,339,112,227
1211,100511,I0778,3,101,16,85
1212,100511,I0294,2,141,29,112
1213,100512,I0676,3,190,89,101
1214,100512,I0103,3,191,62,129
1215,100512,I0894,2,109,22,87
1216,100512,I0701,2,350,115,235
1217,100513,I0647,1,178,44,134
1218,100513,I0932,1,242,106,136
1219,100513,I0420,2,533,201,332
1220,100513,I0175,2,62,12,50
1221,100514,I0099,1,275,97,178
1222,100514,I0132,2,363,109,254
1223,100515,I0842,3,388,127,261
1224,100515,I0163,3,378,139,239
1225,100515,I0276,2,199,51,148
1226,100516,I0883,3,211,59,152
1227,100516,I0493,1,333,93,240
1228,100516,I0535,1,157,43,114
1229,100516,I0989,2,177,84,93
1230,100517,I0977,1,34,6,28
1231,100517,I0515,1,178,57,121
1232,100517,I0421,1,221,93,128
1233,100518,I0295,3,169,46,123
1234,100518,I0956,1,147,37,110
1235,100519,I0905,3,340,96,244
1236,100519,I0683,3,354,122,232
1237,100520,I0645,2,310,89,221
1238,100520,I0665,1,105,21,84
1239,100521,I0263,1,530,213,317
1240,100521,I0533,1,44,10,34
1241,100522,I0389,3,427,179,248
1242,100522,I0419,3,131,29,102
1243,100522,I0291,2,46,10,36
1244,100522,I0723,1,390,144,246
1245,100523,I0273,1,55,11,44
1246,100523,I0631,2,280,95,185
1247,100524,I0658,2,97,29,68
1248,100524,I0605,1,134,32,102
1249,100524,I0184,2,423,158,265
1250,100525,I0920,1,546,214,332
1251,100525,I0945,1,100,15,85
1252,100526,I0715,2,545,226,319
1253,100526,I0542,2,65,11,54
1254,100527,I0160,2,66,14,52
1255,100528,I0152,3,329,95,234
1256,100528,I0954,3,212,74,138
1257,100529,I0516,2,85,17,68
1258,100529,I0936,1,370,123,247
1259,100530,I0348,3,131,34,97
1260,100530,I0083,3,58,9,49
1261,100531,I0118,3,101,27,74
1262,100531,I0605,3,134,32,102
1263,100532,I0298,1,303,120,183
1264,100532,I0664,1,30,6,24
1265,100532,I0872,1,147,44,103
1266,100533,I0350,3,311,78,233
1267,100533,I0955,1,433,135,298
1268,100533,I0545,1,85,23,62
1269,100534,I0710,1,126,32,94
1270,100534,I0048,2,133,20,113
1271,100535,I0748,2,62,16,46
1272,100535,I0624,1,103,20,83
1273,100536,I0163,1,378,139,239
1274,100536,I0708,1,170,55,115
1275,100536,I0960,1,142,43,99
1276,100536,I0842,2,388,127,261
1277,100537,I0029,3,271,78,193
1278,100537,I0385,2,135,35,100
1279,100537,I0217,2,163,45,118
1280,100538,I0986,3,596,232,364
1281,100538,I0314,3,55,11,44
1282,100539,I0374,3,87,21,66
1283,100539,I0581,1,73,17,56
1284,100540,I0156,3,69,15,54
1285,100540,I0400,3,138,23,115
1286,100541,I0240,1,500,192,308
1287,100541,I0190,1,82,13,69
1288,100541,I0810,2,349,111,238
1289,100542,I0223,2,208,60,148
1290,100542,I0296,2,198,61,137
1291,100542,I0203,1,363,124,239
1292,100543,I0171,2,284,129,155
1293,100543,I0667,2,138,40,98
1294,100544,I0653,3,174,49,125
1295,100544,I0132,2,363,109,254
1296,100544,I0073,2,82,26,56
1297,100544,I0999,1,245,68,177
1298,100545,I0577,1,69,19,50
1299,100545,I0363,1,254,116,138
1300,100545,I0371,2,333,149,184
1301,100546,I0374,2,87,21,66
1302,100546,I0989,1,177,84,93
1303,100546,I0509,1,122,34,88
1304,100546,I0495,2,593,262,331
1305,100547,I0517,3,50,9,41
1306,100547,I0138,2,267,125,142
1307,100548,I0040,2,335,102,233
1308,100548,I0034,1,182,61,121
1309,100548,I0133,2,137,34,103
1310,100549,I0871,2,103,24,79
1311,100549,I0204,2,34,7,27
1312,100550,I0049,2,333,110,223
1313,100550,I0518,1,90,25,65
1314,100551,I0096,3,92,26,66
1315,100551,I0059,2,308,106,202
1316,100551,I0964,1,181,52,129
1317,100552,I0738,1,205,70,135
1318,100552,I0170,1,515,207,308
1319,100552,I0424,2,154,52,102
1320,100553,I0649,2,249,78,171
1321,100553,I0546,2,291,91,200
1322,100554,I0799,3,80,23,57
1323,100554,I0407,1,56,16,40
1324,100554,I0607,1,71,13,58
1325,100554,I0436,2,232,56,176
1326,100555,I0537,3,130,59,71
1327,100555,I0283,2,489,192,297
1328,100555,I0814,1,276,99,177
1329,100555,I0191,1,170,50,120
1330,100556,I0934,2,155,50,105
1331,100556,I0582,2,37,6,31
1332,100556,I0726,1,361,131,230
1333,100556,I0564,1,201,69,132
1334,100557,I0971,1,163,43,120
1335,100557,I0910,1,124,30,94
1336,100557,I0194,2,181,56,125
1337,100558,I0921,3,227,72,155
1338,100558,I0595,3,244,82,162
1339,100558,I0661,1,402,146,256
1340,100559,I0140,2,390,153,237
1341,100559,I0801,2,271,113,158
1342,100560,I0899,2,132,23,109
1343,100560,I0477,1,470,203,267
1344,100560,I0962,1,394,128,266
1345,100561,I0874,2,240,100,140
1346,100561,I0677,2,103,30,73
1347,100562,I0815,2,209,50,159
1348,100563,I0823,3,426,173,253
1349,100563,I0175,3,62,12,50
1350,100563,I0647,1,178,44,134
1351,100563,I0540,2,297,75,222
1352,100564,I0345,1,268,89,179
1353,100564,I0390,2,425,138,287
1354,100565,I0426,1,138,38,100
1355,100566,I0202,2,155,44,111
1356,100566,I0382,2,398,159,239
1357,100567,I0695,1,81,24,57
1358,100567,I0313,1,107,24,83
1359,100568,I0733,2,184,47,137
1360,100568,I0123,1,145,49,96
1361,100568,I0400,1,138,23,115
1362,100568,I0716,2,371,145,226
1363,100569,I0413,3,289,132,157
1364,100569,I0490,3,111,33,78
1365,100570,I0837,2,138,35,103
1366,100571,I0400,2,138,23,115
1367,100571,I0018,1,280,130,150
1368,100571,I0286,2,112,30,82
1369,100572,I0630,3,241,50,191
1370,100572,I0391,1,43,14,29
1371,100572,I0801,1,271,113,158
1372,100573,I0444,1,113,44,69
1373,100573,I0480,2,444,167,277
1374,100574,I0099,3,275,97,178
1375,100574,I0973,2,293,106,187
1376,100575,I0294,1,141,29,112
1377,100575,I0133,2,137,34,103
1378,100575,I0075,1,42,11,31
1379,100576,I0756,2,236,65,171
1380,100576,I0737,2,291,92,199
1381,100577,I0231,1,130,41,89
1382,100577,I0780,2,293,133,160
1383,100578,I0230,1,320,97,223
1384,100578,I0188,1,82,16,66
1385,100578,I0229,1,153,30,123
1386,100578,I0579,1,281,91,190
1387,100579,I0358,2,294,141,153
1388,100579,I0717,2,60,16,44
1389,100579,I0810,2,349,111,238
1390,100580,I0888,1,132,58,74
1391,100580,I0334,1,80,26,54
1392,100580,I0094,1,141,32,109
1393,100580,I0696,2,239,97,142
1394,100581,I0700,3,91,29,62
1395,100581,I0313,1,107,24,83
1396,100582,I0454,2,543,196,347
1397,100582,I0775,2,473,120,353
1398,100583,I0944,3,206,52,154
1399,100583,I0520,2,566,215,351
1400,100583,I0709,1,314,88,226
1401,100584,I0632,3,216,60,156
1402,100584,I0823,2,426,173,253
1403,100585,I0153,2,205,65,140
1404,100585,I0483,1,97,25,72
1405,100586,I0796,2,441,163,278
1406,100586,I0773,2,141,45,96
1407,100587,I0530,1,60,13,47
1408,100587,I0466,1,43,10,33
1409,100587,I0757,1,247,49,198
1410,100588,I0799,3,80,23,57
1411,100588,I0792,2,194,86,108
1412,100588,I0649,1,249,78,171
1413,100588,I0546,1,291,91,200
1414,100589,I0636,2,256,75,181
1415,100590,I0511,2,336,86,250
1416,100590,I0618,1,145,30,115
1417,100590,I0959,1,263,78,185
1418,100591,I0715,3,545,226,319
1419,100591,I0889,3,99,20,79
1420,100592,I0896,2,176,39,137
1421,100592,I0743,1,123,31,92
1422,100592,I0808,2,110,27,83
1423,100593,I0349,2,125,25,100
1424,100594,I0903,3,229,111,118
1425,100594,I0815,2,209,50,159
1426,100594,I0111,2,212,89,123
1427,100594,I0116,1,239,78,161
1428,100595,I0842,3,388,127,261
1429,100595,I0397,3,143,43,100
1430,100595,I0958,1,313,94,219
1431,100596,I0894,3,109,22,87
1432,100596,I0944,2,206,52,154
1433,100597,I0828,3,350,127,223
1434,100597,I0025,2,76,16,60
1435,100597,I0914,2,462,182,280
1436,100597,I0916,2,253,98,155
1437,100598,I0400,3,138,23,115
1438,100598,I0056,1,194,44,150
1439,100599,I0400,2,138,23,115
1440,100599,I0365,1,303,101,202
1441,100599,I0200,2,247,85,162
1442,100599,I0639,2,166,42,124
1443,100600,I0956,2,147,37,110
1444,100600,I0628,2,121,27,94
1445,100601,I0381,2,302,79,223
1446,100601,I0893,1,401,115,286
1447,100602,I0118,3,101,27,74
1448,100602,I0694,2,115,27,88
1449,100603,I0737,1,291,92,199
1450,100603,I0059,1,308,106,202
1451,100603,I0610,1,215,61,154
1452,100603,I0029,2,271,78,193
1453,100604,I0807,1,116,31,85
1454,100604,I0936,2,370,123,247
1455,100605,I0203,3,363,124,239
1456,100605,I0002,2,194,66,128
1457,100605,I0353,1,161,47,114
1458,100606,I0371,1,333,149,184
1459,100606,I0646,1,57,13,44
1460,100607,I0851,3,131,27,104
1461,100607,I0433,2,159,61,98
1462,100607,I0618,1,145,30,115
1463,100608,I0810,3,349,111,238
1464,100608,I0779,1,171,54,117
1465,100609,I0645,1,310,89,221
1466,100609,I0543,2,359,145,214
1467,100609,I0102,2,100,30,70
1468,100610,I0269,1,358,122,236
1469,100610,I0261,2,380,97,283
1470,100610,I0634,2,356,118,238
1471,100611,I0398,3,130,58,72
1472,100611,I0655,1,94,23,71
1473,100611,I0817,1,413,107,306
1474,100612,I0313,1,107,24,83
1475,100612,I0517,1,50,9,41
1476,100612,I0242,2,545,198,347
1477,100612,I0901,1,305,106,199
1478,100613,I0175,1,62,12,50
1479,100613,I0540,2,297,75,222
1480,100613,I0226,1,200,62,138
1481,100614,I0647,1,178,44,134
1482,100614,I0175,1,62,12,50
1483,100615,I0128,1,111,30,81
1484,100615,I0077,1,178,36,142
1485,100616,I0618,2,145,30,115
1486,100616,I0304,2,130,27,103
1487,100617,I0040,2,335,102,233
1488,100617,I0741,1,569,251,318
1489,100617,I0294,1,141,29,112
1490,100617,I0075,1,42,11,31
1491,100618,I0764,3,173,44,129
1492,100618,I0494,2,241,83,158
1493,100619,I0652,1,62,14,48
1494,100619,I0015,1,35,8,27
1495,100620,I0945,1,100,15,85
1496,100620,I0099,1,275,97,178
1497,100621,I0777,1,381,140,241
1498,100622,I0871,1,103,24,79
1499,100622,I0604,1,108,25,83
1500,100623,I0533,1,44,10,34
1501,100623,I0468,1,111,33,78
1502,100624,I0059,1,308,106,202
1503,100624,I0210,1,72,20,52
1504,100625,I0899,3,132,23,109
1505,100626,I0027,3,284,126,158
1506,100626,I0426,3,138,38,100
1507,100627,I0309,1,316,114,202
1508,100627,I0196,1,319,105,214
1509,100627,I0828,2,350,127,223
1510,100628,I0201,3,304,95,209
1511,100629,I0520,2,566,215,351
1512,100630,I0923,1,318,123,195
1513,100630,I0280,1,321,110,211
1514,100630,I0204,1,34,7,27
1515,100631,I0758,2,118,35,83
1516,100631,I0855,1,309,103,206
1517,100631,I0457,1,100,23,77
1518,100632,I0617,3,241,50,191
1519,100632,I0103,2,191,62,129
1520,100632,I0505,1,202,70,132
1521,100633,I0670,3,410,149,261
1522,100633,I0384,2,163,47,116
1523,100634,I0847,1,158,37,121
1524,100634,I0072,1,75,12,63
1525,100634,I0340,2,320,98,222
1526,100635,I0542,3,65,11,54
1527,100635,I0404,2,94,27,67
1528,100636,I0298,3,303,120,183
1529,100636,I0899,3,132,23,109
1530,100637,I0349,1,125,25,100
1531,100637,I0345,1,268,89,179
1532,100638,I0461,1,204,69,135
1533,100638,I0633,1,65,10,55
1534,100638,I0588,1,219,76,143
1535,100638,I0377,2,598,234,364
1536,100639,I0544,2,167,47,120
1537,100639,I0927,2,186,80,106
1538,100640,I0104,2,128,32,96
1539,100641,I0456,3,234,65,169
1540,100641,I0202,1,155,44,111
1541,100642,I0051,1,51,16,35
1542,100643,I0209,1,292,92,200
1543,100643,I0568,2,88,25,63
1544,100643,I0607,2,71,13,58
1545,100644,I0653,1,174,49,125
1546,100644,I0999,2,245,68,177
1547,100644,I0164,1,106,23,83
1548,100644,I0046,2,75,16,59
1549,100645,I0227,3,190,39,151
1550,100646,I0615,2,121,31,90
1551,100646,I0380,2,117,28,89
1552,100646,I0746,1,462,161,301
1553,100646,I0195,2,127,21,106
1554,100647,I0340,2,320,98,222
1555,100647,I0317,1,232,58,174
1556,100648,I0240,2,500,192,308
1557,100648,I0190,2,82,13,69
1558,100649,I0696,2,239,97,142
1559,100649,I0334,2,80,26,54
1560,100649,I0423,2,219,64,155
1561,100650,I0949,3,91,21,70
1562,100650,I0591,3,117,21,96
1563,100651,I0989,2,177,84,93
1564,100651,I0231,2,130,41,89
1565,100652,I0740,3,200,61,139
1566,100652,I0920,1,546,214,332
1567,100653,I0019,1,361,157,204
1568,100653,I0892,1,118,23,95
1569,100653,I0697,1,178,45,133
1570,100654,I0520,1,566,215,351
1571,100654,I0894,1,109,22,87
1572,100655,I0435,3,257,71,186
1573,100655,I0727,3,378,144,234
1574,100656,I0088,2,135,45,90
1575,100656,I0937,1,123,25,98
1576,100656,I0872,2,147,44,103
1577,100656,I0079,2,89,24,65
1578,100657,I0112,3,148,48,100
1579,100658,I0975,1,169,47,122
1580,100658,I0994,2,74,11,63
1581,100659,I0860,1,329,120,209
1582,100659,I0105,1,84,24,60
1583,100660,I0514,3,162,78,84
1584,100660,I0103,3,191,62,129
1585,100660,I0626,1,165,43,122
1586,100661,I0994,1,74,11,63
1587,100661,I0975,1,169,47,122
1588,100661,I0775,1,473,120,353
1589,100662,I0620,1,127,20,107
1590,100662,I0653,2,174,49,125
1591,100662,I0023,2,87,22,65
1592,100663,I0660,3,545,233,312
1593,100664,I0114,2,197,93,104
1594,100664,I0750,2,52,14,38
1595,100665,I0329,1,193,55,138
1596,100665,I0282,1,235,58,177
1597,100666,I0344,2,178,41,137
1598,100666,I0633,2,65,10,55
1599,100667,I0220,3,175,56,119
1600,100667,I0757,1,247,49,198
1601,100668,I0932,1,242,106,136
1602,100668,I0609,1,74,24,50
1603,100668,I0647,1,178,44,134
1604,100669,I0952,3,238,111,127
1605,100669,I0135,3,172,57,115
1606,100670,I0841,2,75,17,58
1607,100670,I0702,2,241,101,140
1608,100671,I0958,1,313,94,219
1609,100672,I0011,3,413,122,291
1610,100672,I0494,3,241,83,158
1611,100673,I0004,1,62,18,44
1612,100673,I0556,1,174,59,115
1613,100673,I0747,1,188,48,140
1614,100674,I0499,2,45,10,35
1615,100675,I0927,1,186,80,106
1616,100675,I0754,1,98,31,67
1617,100675,I0483,1,97,25,72
1618,100675,I0634,2,356,118,238
1619,100676,I0994,2,74,11,63
1620,100676,I0308,2,256,117,139
1621,100676,I0558,2,245,63,182
1622,100676,I0775,1,473,120,353
1623,100677,I0402,2,166,44,122
1624,100678,I0817,3,413,107,306
1625,100678,I0441,3,216,83,133
1626,100679,I0351,1,183,57,126
1627,100679,I0790,1,498,202,296
1628,100680,I0864,2,76,25,51
1629,100680,I0020,2,78,13,65
1630,100681,I0132,2,363,109,254
1631,100681,I0099,2,275,97,178
1632,100682,I0152,1,329,95,234
1633,100682,I0672,1,373,121,252
1634,100682,I0957,2,83,14,69
1635,100682,I0232,1,89,23,66
1636,100683,I0037,3,118,39,79
1637,100683,I0097,2,153,48,105
1638,100684,I0306,3,387,106,281
1639,100684,I0589,2,376,167,209
1640,100684,I0384,1,163,47,116
1641,100685,I0778,1,101,16,85
1642,100685,I0034,2,182,61,121
1643,100685,I0133,2,137,34,103
1644,100686,I0444,3,113,44,69
1645,100686,I0180,1,143,47,96
1646,100686,I0860,2,329,120,209
1647,100686,I0852,2,286,98,188
1648,100687,I0022,1,131,64,67
1649,100687,I0760,2,259,65,194
1650,100688,I0203,2,363,124,239
1651,100688,I0594,1,120,35,85
1652,100688,I0228,2,65,22,43
1653,100688,I0066,1,200,94,106
1654,100689,I0472,1,167,35,132
1655,100689,I0511,2,336,86,250
1656,100689,I0851,1,131,27,104
1657,100690,I0582,1,37,6,31
1658,100690,I0951,2,254,67,187
1659,100691,I0264,1,61,19,42
1660,100691,I0876,1,224,76,148
1661,100691,I0444,1,113,44,69
1662,100691,I0987,2,65,16,49
1663,100692,I0250,2,168,42,126
1664,100692,I0435,2,257,71,186
1665,100692,I0722,1,79,18,61
1666,100693,I0615,2,121,31,90
1667,100693,I0195,2,127,21,106
1668,100694,I0859,2,210,67,143
1669,100694,I0340,1,320,98,222
1670,100695,I0174,3,494,214,280
1671,100695,I0947,2,243,67,176
1672,100696,I0792,3,194,86,108
1673,100696,I0396,3,139,48,91
1674,100697,I0516,2,85,17,68
1675,100697,I0090,1,330,102,228
1676,100697,I0936,2,370,123,247
1677,100697,I0497,2,44,7,37
1678,100698,I0724,1,166,54,112
1679,100698,I0543,2,359,145,214
1680,100699,I0044,1,169,77,92
1681,100699,I0448,1,134,38,96
1682,100699,I0240,1,500,192,308
1683,100700,I0074,3,79,12,67
1684,100700,I0377,2,598,234,364
1685,100701,I0571,3,94,26,68
1686,100701,I0331,2,174,47,127
1687,100701,I0278,1,61,15,46
1688,100701,I0230,2,320,97,223
1689,100702,I0973,2,293,106,187
1690,100702,I0340,1,320,98,222
1691,100703,I0697,3,178,45,133
1692,100703,I0892,3,118,23,95
1693,100703,I0849,1,346,116,230
1694,100704,I0782,3,197,41,156
1695,100704,I0469,2,451,113,338
1696,100705,I0545,3,85,23,62
1697,100705,I0882,1,215,44,171
1698,100705,I0751,2,225,90,135
1699,100705,I0124,1,238,60,178
1700,100706,I0916,2,253,98,155
1701,100706,I0705,2,150,24,126
1702,100706,I0260,1,283,81,202
1703,100707,I0071,1,383,140,243
1704,100707,I0465,1,115,23,92
1705,100708,I0543,2,359,145,214
1706,100708,I0602,2,135,31,104
1707,100708,I0102,2,100,30,70
1708,100709,I0983,1,194,92,102
1709,100709,I0145,1,132,43,89
1710,100709,I0172,1,97,25,72
1711,100709,I0657,1,331,133,198
1712,100710,I0890,3,96,22,74
1713,100710,I0864,1,76,25,51
1714,100710,I0635,1,108,42,66
1715,100710,I0730,2,99,25,74
1716,100711,I0603,2,362,160,202
1717,100711,I0582,2,37,6,31
1718,100712,I0668,1,132,28,104
1719,100712,I0081,1,92,29,63
1720,100712,I0037,2,118,39,79
1721,100712,I0782,1,197,41,156
1722,100713,I0871,3,103,24,79
1723,100713,I0347,1,163,70,93
1724,100713,I0020,1,78,13,65
1725,100714,I0707,1,137,47,90
1726,100714,I0738,2,205,70,135
1727,100715,I0748,3,62,16,46
1728,100716,I0532,3,71,14,57
1729,100716,I0704,2,171,47,124
1730,100716,I0958,2,313,94,219
1731,100716,I0498,2,114,33,81
1732,100717,I0244,2,256,93,163
1733,100717,I0429,2,133,24,109
1734,100718,I0564,3,201,69,132
1735,100718,I0430,2,74,16,58
1736,100718,I0934,1,155,50,105
1737,100719,I0131,3,239,72,167
1738,100719,I0668,2,132,28,104
1739,100719,I0323,2,257,73,184
1740,100720,I0515,2,178,57,121
1741,100720,I0130,2,250,86,164
1742,100721,I0134,1,146,30,116
1743,100721,I0734,2,281,130,151
1744,100722,I0036,2,292,81,211
1745,100722,I0608,2,204,93,111
1746,100723,I0663,2,184,61,123
1747,100723,I0250,2,168,42,126
1748,100724,I0864,2,76,25,51
1749,100724,I0604,1,108,25,83
1750,100725,I0026,3,201,70,131
1751,100725,I0230,2,320,97,223
1752,100725,I0199,1,295,125,170
1753,100726,I0265,3,531,233,298
1754,100726,I0241,3,100,22,78
1755,100727,I0041,2,163,46,117
1756,100727,I0195,2,127,21,106
1757,100727,I0149,1,334,121,213
1758,100728,I0787,3,394,132,262
1759,100728,I0884,2,335,102,233
1760,100729,I0106,1,367,134,233
1761,100730,I0082,2,388,120,268
1762,100730,I0970,2,136,47,89
1763,100731,I0436,2,232,56,176
1764,100731,I0607,2,71,13,58
1765,100732,I0935,3,400,174,226
1766,100732,I0778,3,101,16,85
1767,100732,I0703,1,365,133,232
1768,100733,I0265,1,531,233,298
1769,100733,I0854,1,62,11,51
1770,100733,I0720,1,130,28,102
1771,100734,I0562,2,158,54,104
1772,100735,I0936,1,370,123,247
1773,100735,I0278,2,61,15,46
1774,100735,I0516,2,85,17,68
1775,100736,I0721,2,296,123,173
1776,100736,I0934,2,155,50,105
1777,100737,I0890,3,96,22,74
1778,100738,I0784,1,425,132,293
1779,100739,I0446,3,157,75,82
1780,100739,I0733,3,184,47,137
1781,100740,I0713,3,144,32,112
1782,100740,I0894,3,109,22,87
1783,100740,I0505,1,202,70,132
1784,100741,I0876,1,224,76,148
1785,100742,I0329,2,193,55,138
1786,100742,I0310,2,46,11,35
1787,100743,I0583,3,53,10,43
1788,100744,I0295,3,169,46,123
1789,100744,I0885,1,228,106,122
1790,100744,I0628,1,121,27,94
1791,100745,I0392,1,260,118,142
1792,100745,I0603,2,362,160,202
1793,100745,I0582,1,37,6,31
1794,100746,I0469,2,451,113,338
1795,100746,I0349,1,125,25,100
1796,100746,I0125,2,332,107,225
1797,100747,I0983,2,194,92,102
1798,100747,I0145,2,132,43,89
1799,100747,I0938,2,497,172,325
1800,100748,I0532,3,71,14,57
1801,100748,I0163,2,378,139,239
1802,100748,I0842,1,388,127,261
1803,100749,I0401,3,129,28,101
1804,100749,I0470,1,69,21,48
1805,100749,I0306,2,387,106,281
1806,100750,I0191,3,170,50,120
1807,100750,I0194,2,181,56,125
1808,100751,I0545,3,85,23,62
1809,100751,I0798,1,403,152,251
1810,100752,I0991,1,193,61,132
1811,100752,I0530,1,60,13,47
1812,100752,I0905,2,340,96,244
1813,100753,I0597,2,285,78,207
1814,100753,I0262,2,334,104,230
1815,100754,I0022,2,131,64,67
1816,100754,I0459,2,151,31,120
1817,100755,I0595,2,244,82,162
1818,100755,I0661,2,402,146,256
1819,100756,I0778,2,101,16,85
1820,100756,I0133,1,137,34,103
1821,100757,I0260,1,283,81,202
1822,100758,I0358,1,294,141,153
1823,100758,I0448,1,134,38,96
1824,100758,I0717,1,60,16,44
1825,100759,I0570,3,277,83,194
1826,100759,I0246,3,396,131,265
1827,100760,I0746,1,462,161,301
1828,100760,I0149,1,334,121,213
1829,100761,I0476,1,135,39,96
1830,100761,I0680,1,94,14,80
1831,100762,I0821,2,202,65,137
1832,100762,I0137,2,93,27,66
1833,100762,I0371,1,333,149,184
1834,100762,I0768,1,182,52,130
1835,100763,I0182,3,142,40,102
1836,100764,I0979,3,270,114,156
1837,100764,I0659,3,60,16,44
1838,100765,I0572,1,271,128,143
1839,100765,I0954,1,212,74,138
1840,100766,I0513,3,178,81,97
1841,100766,I0745,2,221,108,113
1842,100767,I0084,2,186,56,130
1843,100767,I0427,2,90,21,69
1844,100768,I0441,1,216,83,133
1845,100768,I0049,2,333,110,223
1846,100769,I0258,3,283,131,152
1847,100769,I0202,3,155,44,111
1848,100769,I0211,2,146,41,105
1849,100769,I0875,1,421,138,283
1850,100770,I0348,2,131,34,97
1851,100770,I0499,2,45,10,35
1852,100771,I0415,2,43,13,30
1853,100771,I0234,1,125,32,93
1854,100772,I0698,2,48,7,41
1855,100772,I0434,2,479,142,337
1856,100772,I0754,2,98,31,67
1857,100773,I0589,2,376,167,209
1858,100774,I0149,2,334,121,213
1859,100775,I0102,2,100,30,70
1860,100776,I0556,3,174,59,115
1861,100776,I0857,2,345,89,256
1862,100776,I0316,2,131,38,93
1863,100777,I0699,3,84,17,67
1864,100777,I0971,1,163,43,120
1865,100778,I0297,2,159,33,126
1866,100778,I0825,2,173,48,125
1867,100779,I0443,1,412,143,269
1868,100780,I0909,1,63,11,52
1869,100780,I0596,1,224,77,147
1870,100780,I0104,1,128,32,96
1871,100781,I0670,3,410,149,261
1872,100781,I0638,1,346,96,250
1873,100782,I0556,2,174,59,115
1874,100782,I0144,2,397,128,269
1875,100783,I0028,1,245,70,175
1876,100783,I0378,2,39,6,33
1877,100783,I0827,2,167,37,130
1878,100784,I0588,1,219,76,143
1879,100784,I0443,1,412,143,269
1880,100785,I0827,2,167,37,130
1881,100785,I0378,2,39,6,33
1882,100785,I0373,1,175,50,125
1883,100786,I0344,3,178,41,137
1884,100786,I0074,3,79,12,67
1885,100786,I0629,2,579,248,331
1886,100787,I0969,1,277,86,191
1887,100787,I0595,1,244,82,162
1888,100788,I0379,2,472,198,274
1889,100788,I0977,2,34,6,28
1890,100788,I0421,2,221,93,128
1891,100789,I0276,2,199,51,148
1892,100789,I0980,1,256,106,150
1893,100789,I0532,1,71,14,57
1894,100790,I0961,2,372,138,234
1895,100790,I0190,2,82,13,69
1896,100790,I0358,1,294,141,153
1897,100791,I0749,1,169,35,134
1898,100791,I0836,1,110,24,86
1899,100792,I0146,3,135,28,107
1900,100793,I0033,1,148,39,109
1901,100794,I0571,1,94,26,68
1902,100794,I0058,1,171,34,137
1903,100794,I0497,1,44,7,37
1904,100794,I0188,2,82,16,66
1905,100795,I0419,1,131,29,102
1906,100795,I0919,2,74,14,60
1907,100796,I0997,1,124,26,98
1908,100797,I0148,2,545,224,321
1909,100797,I0005,2,82,14,68
1910,100797,I0668,1,132,28,104
1911,100798,I0550,3,85,13,72
1912,100798,I0185,1,285,111,174
1913,100799,I0797,1,264,120,144
1914,100799,I0359,1,50,13,37
1915,100799,I0790,1,498,202,296
1916,100800,I0295,2,169,46,123
1917,100800,I0904,2,252,64,188
1918,100801,I0433,3,159,61,98
1919,100801,I0845,2,58,13,45
1920,100801,I0304,2,130,27,103
1921,100801,I0356,1,182,82,100
1922,100802,I0391,3,43,14,29
1923,100802,I0758,2,118,35,83
1924,100803,I0763,1,215,70,145
1925,100803,I0605,1,134,32,102
1926,100803,I0818,2,215,57,158
1927,100804,I0904,3,252,64,188
1928,100804,I0590,3,172,64,108
1929,100805,I0860,1,329,120,209
1930,100805,I0988,1,39,8,31
1931,100805,I0264,1,61,19,42
1932,100806,I0720,2,130,28,102
1933,100806,I0651,1,40,9,31
1934,100806,I0785,1,312,88,224
1935,100807,I0090,3,330,102,228
1936,100807,I0026,3,201,70,131
1937,100808,I0579,1,281,91,190
1938,100808,I0026,1,201,70,131
1939,100808,I0188,2,82,16,66
1940,100809,I0656,2,379,118,261
1941,100810,I0516,1,85,17,68
1942,100810,I0497,2,44,7,37
1943,100811,I0972,2,252,82,170
1944,100812,I0388,3,263,81,182
1945,100812,I0329,2,193,55,138
1946,100813,I0953,3,244,69,175
1947,100813,I0997,1,124,26,98
1948,100813,I0597,1,285,78,207
1949,100813,I0011,1,413,122,291
1950,100814,I0992,1,246,91,155
1951,100814,I0599,1,131,31,100
1952,100814,I0350,2,311,78,233
1953,100814,I0178,1,102,25,77
1954,100815,I0144,3,397,128,269
1955,100815,I0556,3,174,59,115
1956,100815,I0316,2,131,38,93
1957,100816,I0951,1,254,67,187
1958,100816,I0587,2,126,26,100
1959,100816,I0430,2,74,16,58
1960,100817,I0833,3,313,137,176
1961,100817,I0175,3,62,12,50
1962,100818,I0951,2,254,67,187
1963,100818,I0877,1,335,115,220
1964,100818,I0673,2,83,15,68
1965,100819,I0099,3,275,97,178
1966,100820,I0616,1,158,60,98
1967,100820,I0862,1,264,113,151
1968,100821,I0797,3,264,120,144
1969,100821,I0329,3,193,55,138
1970,100822,I0930,3,267,105,162
1971,100822,I0551,1,178,49,129
1972,100822,I0326,2,325,105,220
1973,100822,I0895,1,141,36,105
1974,100823,I0097,1,153,48,105
1975,100823,I0668,1,132,28,104
1976,100823,I0005,1,82,14,68
1977,100824,I0149,2,334,121,213
1978,100824,I0512,1,160,69,91
1979,100825,I0111,2,212,89,123
1980,100825,I0825,2,173,48,125
1981,100825,I0089,2,276,73,203
1982,100826,I0955,1,433,135,298
1983,100826,I0124,2,238,60,178
1984,100827,I0986,1,596,232,364
1985,100827,I0314,1,55,11,44
1986,100827,I0247,1,111,30,81
1987,100828,I0255,3,171,44,127
1988,100828,I0979,2,270,114,156
1989,100828,I0659,2,60,16,44
1990,100829,I0029,2,271,78,193
1991,100829,I0059,2,308,106,202
1992,100830,I0204,3,34,7,27
1993,100831,I0640,2,298,123,175
1994,100831,I0048,2,133,20,113
1995,100831,I0380,2,117,28,89
1996,100832,I0158,3,468,157,311
1997,100832,I0379,2,472,198,274
1998,100832,I0421,2,221,93,128
1999,100833,I0287,3,393,140,253
2000,100833,I0913,1,308,96,212
2001,100833,I0348,2,131,34,97
2002,100834,I0029,1,271,78,193
2003,100834,I0059,1,308,106,202
2004,100835,I0022,3,131,64,67
2005,100835,I0794,2,178,51,127
2006,100835,I0459,1,151,31,120
2007,100836,I0792,3,194,86,108
2008,100836,I0650,3,161,43,118
2009,100836,I0407,2,56,16,40
2010,100837,I0749,2,169,35,134
2011,100837,I0836,2,110,24,86
2012,100837,I0391,1,43,14,29
2013,100838,I0802,2,345,117,228
2014,100838,I0474,1,158,42,116
2015,100838,I0947,1,243,67,176
2016,100838,I0690,1,67,15,52
2017,100839,I0738,3,205,70,135
2018,100839,I0785,2,312,88,224
2019,100839,I0557,1,252,123,129
2020,100840,I0114,3,197,93,104
2021,100840,I0187,3,67,17,50
2022,100841,I0382,1,398,159,239
2023,100841,I0126,1,113,23,90
2024,100842,I0450,1,411,184,227
2025,100842,I0190,1,82,13,69
2026,100843,I0019,1,361,157,204
2027,100843,I0692,1,75,12,63
2028,100844,I0042,2,455,171,284
2029,100844,I0006,2,31,4,27
2030,100844,I0979,2,270,114,156
2031,100845,I0789,2,306,94,212
2032,100845,I0258,1,283,131,152
2033,100846,I0127,2,55,11,44
2034,100846,I0266,2,192,86,106
2035,100847,I0401,1,129,28,101
2036,100847,I0861,2,160,38,122
2037,100848,I0019,1,361,157,204
2038,100848,I0267,1,125,23,102
2039,100849,I0308,3,256,117,139
2040,100849,I0677,3,103,30,73
2041,100850,I0777,2,381,140,241
2042,100851,I0940,2,136,30,106
2043,100851,I0514,2,162,78,84
2044,100851,I0394,1,62,16,46
2045,100851,I0626,2,165,43,122
2046,100852,I0952,1,238,111,127
2047,100852,I0135,1,172,57,115
2048,100852,I0979,1,270,114,156
2049,100853,I0606,1,372,147,225
2050,100854,I0754,1,98,31,67
2051,100855,I0965,1,173,39,134
2052,100855,I0267,1,125,23,102
2053,100856,I0760,1,259,65,194
2054,100856,I0881,1,96,32,64
2055,100857,I0962,1,394,128,266
2056,100857,I0246,1,396,131,265
2057,100858,I0758,2,118,35,83
2058,100859,I0060,1,277,89,188
2059,100859,I0167,1,246,76,170
2060,100859,I0963,2,76,14,62
2061,100860,I0400,3,138,23,115
2062,100860,I0056,1,194,44,150
2063,100861,I0805,1,206,101,105
2064,100861,I0786,1,168,42,126
2065,100862,I0987,3,65,16,49
2066,100862,I0988,3,39,8,31
2067,100863,I0855,3,309,103,206
2068,100863,I0391,1,43,14,29
2069,100864,I0218,1,143,70,73
2070,100864,I0051,1,51,16,35
2071,100865,I0633,2,65,10,55
2072,100865,I0473,2,305,103,202
2073,100865,I0074,2,79,12,67
2074,100866,I0588,2,219,76,143
2075,100866,I0443,2,412,143,269
2076,100867,I0087,1,171,76,95
2077,100867,I0464,1,98,29,69
2078,100867,I0001,2,204,51,153
2079,100868,I0371,1,333,149,184
2080,100868,I0646,1,57,13,44
2081,100869,I0545,2,85,23,62
2082,100870,I0694,1,115,27,88
2083,100871,I0615,3,121,31,90
2084,100871,I0195,3,127,21,106
2085,100872,I0480,2,444,167,277
2086,100872,I0675,2,30,4,26
2087,100873,I0436,2,232,56,176
2088,100874,I0049,2,333,110,223
2089,100874,I0518,1,90,25,65
2090,100875,I0756,2,236,65,171
2091,100875,I0210,1,72,20,52
2092,100876,I0204,1,34,7,27
2093,100876,I0488,1,174,57,117
2094,100877,I0315,1,89,27,62
2095,100877,I0489,2,67,20,47
2096,100877,I0628,1,121,27,94
2097,100877,I0080,2,442,174,268
2098,100878,I0213,3,113,33,80
2099,100879,I0636,2,256,75,181
2100,100880,I0800,3,110,36,74
2101,100880,I0824,2,431,170,261
2102,100880,I0584,2,142,24,118
2103,100881,I0014,3,115,28,87
2104,100881,I0888,2,132,58,74
2105,100882,I0766,2,236,79,157
2106,100882,I0700,1,91,29,62
2107,100882,I0695,2,81,24,57
2108,100883,I0992,3,246,91,155
2109,100884,I0025,1,76,16,60
2110,100884,I0705,1,150,24,126
2111,100885,I0747,1,188,48,140
2112,100885,I0144,1,397,128,269
2113,100885,I0056,2,194,44,150
2114,100886,I0133,3,137,34,103
2115,100886,I0778,3,101,16,85
2116,100886,I0703,2,365,133,232
2117,100886,I0741,1,569,251,318
2118,100887,I0110,2,382,101,281
2119,100887,I0978,1,115,26,89
2120,100888,I0341,2,347,151,196
2121,100888,I0628,2,121,27,94
2122,100889,I0251,2,443,147,296
2123,100889,I0739,2,252,80,172
2124,100890,I0851,2,131,27,104
2125,100890,I0108,2,405,139,266
2126,100890,I0472,2,167,35,132
2127,100891,I0659,3,60,16,44
2128,100891,I0946,1,179,49,130
2129,100892,I0677,1,103,30,73
2130,100892,I0975,1,169,47,122
2131,100892,I0775,2,473,120,353
2132,100893,I0841,1,75,17,58
2133,100893,I0621,2,117,40,77
2134,100893,I0371,1,333,149,184
2135,100893,I0646,1,57,13,44
2136,100894,I0493,3,333,93,240
2137,100894,I0147,1,270,90,180
2138,100894,I0374,2,87,21,66
2139,100895,I0047,3,565,199,366
2140,100895,I0985,2,85,17,68
2141,100895,I0515,2,178,57,121
2142,100896,I0313,3,107,24,83
2143,100896,I0517,3,50,9,41
2144,100897,I0572,2,271,128,143
2145,100897,I0232,2,89,23,66
2146,100898,I0117,3,448,172,276
2147,100898,I0736,2,139,46,93
2148,100899,I0680,2,94,14,80
2149,100899,I0657,1,331,133,198
2150,100900,I0682,2,86,21,65
2151,100900,I0839,2,143,35,108
2152,100900,I0772,2,479,123,356
2153,100901,I0951,2,254,67,187
2154,100901,I0726,1,361,131,230
2155,100902,I0029,2,271,78,193
2156,100902,I0059,2,308,106,202
2157,100903,I0281,1,252,87,165
2158,100903,I0154,1,345,149,196
2159,100903,I0770,2,156,31,125
2160,100904,I0794,1,178,51,127
2161,100904,I0759,2,73,16,57
2162,100904,I0606,1,372,147,225
2163,100905,I0019,3,361,157,204
2164,100905,I0892,1,118,23,95
2165,100905,I0672,1,373,121,252
2166,100905,I0502,1,276,78,198
2167,100906,I0314,3,55,11,44
2168,100906,I0898,2,87,20,67
2169,100906,I0441,2,216,83,133
2170,100906,I0330,2,267,109,158
2171,100907,I0216,1,76,13,63
2172,100907,I0790,2,498,202,296
2173,100907,I0388,2,263,81,182
2174,100908,I0938,2,497,172,325
2175,100908,I0787,2,394,132,262
2176,100909,I0165,1,410,104,306
2177,100909,I0501,1,304,107,197
2178,100910,I0445,2,180,56,124
2179,100910,I0203,1,363,124,239
2180,100910,I0066,1,200,94,106
2181,100911,I0668,1,132,28,104
2182,100911,I0349,1,125,25,100
2183,100911,I0469,2,451,113,338
2184,100912,I0543,3,359,145,214
2185,100912,I0602,3,135,31,104
2186,100913,I0491,3,226,48,178
2187,100913,I0918,2,213,92,121
2188,100914,I0569,2,232,107,125
2189,100914,I0208,2,173,47,126
2190,100914,I0510,2,275,112,163
2191,100915,I0703,2,365,133,232
2192,100916,I0845,2,58,13,45
2193,100916,I0433,2,159,61,98
2194,100916,I0511,1,336,86,250
2195,100917,I0961,1,372,138,234
2196,100917,I0190,2,82,13,69
2197,100917,I0685,1,306,112,194
2198,100917,I0810,1,349,111,238
2199,100918,I0906,3,577,208,369
2200,100918,I0380,3,117,28,89
2201,100918,I0041,2,163,46,117
2202,100918,I0710,1,126,32,94
2203,100919,I0941,3,234,68,166
2204,100919,I0028,2,245,70,175
2205,100920,I0089,3,276,73,203
2206,100920,I0074,2,79,12,67
2207,100921,I0152,3,329,95,234
2208,100921,I0954,3,212,74,138
2209,100922,I0772,2,479,123,356
2210,100922,I0176,2,324,121,203
2211,100922,I0839,2,143,35,108
2212,100923,I0522,1,183,39,144
2213,100923,I0831,1,552,224,328
2214,100924,I0827,1,167,37,130
2215,100924,I0378,1,39,6,33
2216,100924,I0941,2,234,68,166
2217,100925,I0517,1,50,9,41
2218,100925,I0774,2,352,114,238
2219,100925,I0313,2,107,24,83
2220,100926,I0333,3,278,122,156
2221,100926,I0678,1,192,66,126
2222,100926,I0792,1,194,86,108
2223,100927,I0271,3,106,30,76
2224,100927,I0183,3,99,18,81
2225,100928,I0314,1,55,11,44
2226,100928,I0837,2,138,35,103
2227,100929,I0286,2,112,30,82
2228,100929,I0556,1,174,59,115
2229,100930,I0511,2,336,86,250
2230,100930,I0356,1,182,82,100
2231,100931,I0295,3,169,46,123
2232,100931,I0053,1,340,93,247
2233,100931,I0628,1,121,27,94
2234,100932,I0027,3,284,126,158
2235,100932,I0426,3,138,38,100
2236,100932,I0731,1,316,116,200
2237,100933,I0104,3,128,32,96
2238,100933,I0686,1,201,56,145
2239,100934,I0123,3,145,49,96
2240,100934,I0716,2,371,145,226
2241,100935,I0804,2,236,72,164
2242,100935,I0935,1,400,174,226
2243,100936,I0310,3,46,11,35
2244,100936,I0167,1,246,76,170
2245,100937,I0888,3,132,58,74
2246,100937,I0334,3,80,26,54
2247,100937,I0094,2,141,32,109
2248,100938,I0287,1,393,140,253
2249,100938,I0537,1,130,59,71
2250,100938,I0348,2,131,34,97
2251,100938,I0462,2,328,124,204
2252,100939,I0329,1,193,55,138
2253,100940,I0310,3,46,11,35
2254,100940,I0036,1,292,81,211
2255,100941,I0740,3,200,61,139
2256,100941,I0653,1,174,49,125
2257,100942,I0550,3,85,13,72
2258,100942,I0487,2,335,121,214
2259,100942,I0395,2,414,117,297
2260,100942,I0510,2,275,112,163
2261,100943,I0149,2,334,121,213
2262,100943,I0746,1,462,161,301
2263,100943,I0615,1,121,31,90
2264,100944,I0932,1,242,106,136
2265,100944,I0609,1,74,24,50
2266,100945,I0864,1,76,25,51
2267,100945,I0604,1,108,25,83
2268,100946,I0287,2,393,140,253
2269,100946,I0191,2,170,50,120
2270,100946,I0537,2,130,59,71
2271,100947,I0459,2,151,31,120
2272,100947,I0760,2,259,65,194
2273,100948,I0490,3,111,33,78
2274,100949,I0593,2,98,20,78
2275,100950,I0843,2,73,20,53
2276,100950,I0126,2,113,23,90
2277,100951,I0500,3,256,85,171
2278,100951,I0523,1,95,21,74
2279,100952,I0283,3,489,192,297
2280,100952,I0354,3,77,13,64
2281,100952,I0910,2,124,30,94
2282,100953,I0788,1,172,52,120
2283,100953,I0568,1,88,25,63
2284,100954,I0297,2,159,33,126
2285,100954,I0473,2,305,103,202
2286,100954,I0479,2,224,60,164
2287,100955,I0738,2,205,70,135
2288,100955,I0214,2,423,147,276
2289,100956,I0832,2,43,6,37
2290,100956,I0356,2,182,82,100
2291,100957,I0401,2,129,28,101
2292,100957,I0589,2,376,167,209
2293,100958,I0900,3,440,161,279
2294,100958,I0503,3,109,21,88
2295,100959,I0883,3,211,59,152
2296,100959,I0231,1,130,41,89
2297,100959,I0723,2,390,144,246
2298,100960,I0099,2,275,97,178
2299,100960,I0317,1,232,58,174
2300,100960,I0073,2,82,26,56
2301,100961,I0510,3,275,112,163
2302,100961,I0399,3,72,20,52
2303,100961,I0208,1,173,47,126
2304,100962,I0622,3,337,92,245
2305,100962,I0143,1,291,101,190
2306,100963,I0603,1,362,160,202
2307,100963,I0673,1,83,15,68
2308,100963,I0587,2,126,26,100
2309,100964,I0400,2,138,23,115
2310,100964,I0556,2,174,59,115
2311,100965,I0087,2,171,76,95
2312,100965,I0562,2,158,54,104
2313,100966,I0520,2,566,215,351
2314,100967,I0366,3,174,47,127
2315,100967,I0550,1,85,13,72
2316,100967,I0453,1,162,55,107
2317,100968,I0872,1,147,44,103
2318,100968,I0570,2,277,83,194
2319,100969,I0729,1,174,70,104
2320,100969,I0678,1,192,66,126
2321,100970,I0687,2,455,142,313
2322,100970,I0739,2,252,80,172
2323,100970,I0208,2,173,47,126
2324,100971,I0735,3,336,127,209
2325,100971,I0698,3,48,7,41
2326,100972,I0532,1,71,14,57
2327,100972,I0397,1,143,43,100
2328,100972,I0498,1,114,33,81
2329,100973,I0814,3,276,99,177
2330,100973,I0499,3,45,10,35
2331,100973,I0348,2,131,34,97
2332,100974,I0068,1,293,78,215
2333,100974,I0670,1,410,149,261
2334,100975,I0967,1,168,48,120
2335,100975,I0892,1,118,23,95
2336,100976,I0421,3,221,93,128
2337,100976,I0515,3,178,57,121
2338,100977,I0511,2,336,86,250
2339,100977,I0356,1,182,82,100
2340,100977,I0433,2,159,61,98
2341,100978,I0841,3,75,17,58
2342,100978,I0063,1,382,100,282
2343,100978,I0768,1,182,52,130
2344,100979,I0104,2,128,32,96
2345,100979,I0686,1,201,56,145
2346,100979,I0777,1,381,140,241
2347,100980,I0946,3,179,49,130
2348,100980,I0006,3,31,4,27
2349,100981,I0791,1,219,65,154
2350,100981,I0563,2,360,125,235
2351,100981,I0421,2,221,93,128
2352,100982,I0690,2,67,15,52
2353,100982,I0327,2,95,20,75
2354,100982,I0846,2,160,44,116
2355,100983,I0760,2,259,65,194
2356,100983,I0606,2,372,147,225
2357,100984,I0499,3,45,10,35
2358,100985,I0027,2,284,126,158
2359,100985,I0220,2,175,56,119
2360,100985,I0466,2,43,10,33
2361,100986,I0809,1,122,35,87
2362,100986,I0028,1,245,70,175
2363,100987,I0956,3,147,37,110
2364,100987,I0628,3,121,27,94
2365,100987,I0848,2,420,150,270
2366,100988,I0240,3,500,192,308
2367,100988,I0190,3,82,13,69
2368,100989,I0652,1,62,14,48
2369,100989,I0015,1,35,8,27
2370,100989,I0134,2,146,30,116
2371,100990,I0276,3,199,51,148
2372,100990,I0958,2,313,94,219
2373,100991,I0566,2,410,148,262
2374,100992,I0099,1,275,97,178
2375,100992,I0046,1,75,16,59
2376,100992,I0073,1,82,26,56
2377,100993,I0371,3,333,149,184
2378,100993,I0768,1,182,52,130
2379,100994,I0350,1,311,78,233
2380,100994,I0732,2,381,137,244
2381,100995,I0044,3,169,77,92
2382,100995,I0717,3,60,16,44
2383,100996,I0287,2,393,140,253
2384,100996,I0191,2,170,50,120
2385,100996,I0451,1,342,109,233
2386,100997,I0027,2,284,126,158
2387,100997,I0426,2,138,38,100
2388,100998,I0154,1,345,149,196
2389,100998,I0134,1,146,30,116
2390,100999,I0309,1,316,114,202
2391,100999,I0671,2,296,92,204
2392,101000,I0102,1,100,30,70
2393,101000,I0543,2,359,145,214
